actor_code,actor_name
2000001,Liu
2000002,NSC
2000003,OSS
2000004,POP
2000005,RM
2000006,SB
2000007,Sirani
2000008,The
2000009,Thomas
2000010,Yasaka
2000011,강경준
2000012,강경헌
2000013,강기둥
2000014,강기영
2000015,강다현
2000016,강대성
2000017,강동수
2000018,강동원
2000019,강명옥
2000020,강미나
2000021,강민아
2000022,강민혁
2000023,강보경
2000024,강성미
2000025,강성우
2000026,강성찬
2000027,강성호
2000028,강성훈
2000029,강소라
2000030,강승완
2000031,강시현
2000032,강신일
2000033,강연정
2000034,강영석
2000035,강예원
2000036,강욱
2000037,강원국
2000038,강유석
2000039,강윤
2000040,강이석
2000041,강인성
2000042,강주리
2000043,강지섭
2000044,강찬희
2000045,강철원
2000046,강태주
2000047,강풍
2000048,강하나
2000049,강하늘
2000050,강한나
2000051,강현주
2000052,강혜정
2000053,강홍석
2000054,강희주
2000055,건강이
2000056,계란과자
2000057,고건한
2000058,고경표
2000059,고규필
2000060,고동옥
2000061,고동훈
2000062,고두심
2000063,고려왕
2000064,고서희
2000065,고수
2000066,고수희
2000067,고아라
2000068,고아성
2000069,고우림
2000070,고원
2000071,고원석
2000072,고윤정
2000073,고은아
2000074,고준희
2000075,고창석
2000076,고호석
2000077,고훈
2000078,고흥군민
2000079,공명
2000080,공민정
2000081,공서방
2000082,공승연
2000083,공예지
2000084,공유
2000085,공작단
2000086,공정호
2000087,공정환
2000088,공찬
2000089,공형진
2000090,공효진
2000091,곽도원
2000092,곽민호
2000093,곽수진
2000094,곽시양
2000095,곽자형
2000096,곽지숙
2000097,곽진영
2000098,곽한구
2000099,곽희성
2000100,구교환
2000101,구승현
2000102,구윤희
2000103,구준회
2000104,구지성
2000105,권민혁
2000106,권봉안
2000107,권상우
2000108,권성수
2000109,권성혁
2000110,권소현
2000111,권순호
2000112,권오중
2000113,권용운
2000114,권유리
2000115,권율
2000116,권지용
2000117,권해효
2000118,권현빈
2000119,권현상
2000120,그룹
2000121,기국서
2000122,기내
2000123,기타무라
2000124,기현
2000125,길해연
2000126,김가률
2000127,김가은
2000128,김가희
2000129,김갑수
2000130,김강민
2000131,김강우
2000132,김강일
2000133,김강현
2000134,김강훈
2000135,김건수
2000136,김결
2000137,김결유
2000138,김경열
2000139,김경태
2000140,김고은
2000141,김광수
2000142,김국진
2000143,김국희
2000144,김궁
2000145,김규리
2000146,김금순
2000147,김기남
2000148,김기천
2000149,김기춘
2000150,김기훈
2000151,김나연
2000152,김남길
2000153,김남진
2000154,김노진
2000155,김누리
2000156,김다미
2000157,김단미
2000158,김대명
2000159,김대성
2000160,김도윤
2000161,김도훈
2000162,김동수
2000163,김동영
2000164,김동완
2000165,김동우
2000166,김동욱
2000167,김동준
2000168,김동현
2000169,김동형
2000170,김동휘
2000171,김래원
2000172,김뢰하
2000173,김류안
2000174,김명곤
2000175,김명국
2000176,김명민
2000177,김모범
2000178,김무열
2000179,김미경
2000180,김미화
2000181,김민경
2000182,김민교
2000183,김민규
2000184,김민기
2000185,김민석
2000186,김민아
2000187,김민영
2000188,김민재
2000189,김민정
2000190,김민주
2000191,김민준
2000192,김민호
2000193,김민희
2000194,김범
2000195,김병옥
2000196,김병철
2000197,김병춘
2000198,김보라
2000199,김보리
2000200,김보민
2000201,김보연
2000202,김부선
2000203,김빈
2000204,김사랑
2000205,김사희
2000206,김상경
2000207,김상중
2000208,김상호
2000209,김새론
2000210,김새벽
2000211,김새해
2000212,김서영
2000213,김서윤
2000214,김서지
2000215,김서진
2000216,김서형
2000217,김선빈
2000218,김선영
2000219,김선혜
2000220,김선호
2000221,김설현
2000222,김성경
2000223,김성규
2000224,김성균
2000225,김성령
2000226,김성수
2000227,김성오
2000228,김성원
2000229,김성철
2000230,김소빈
2000231,김소원
2000232,김소은
2000233,김소정
2000234,김소진
2000235,김소현
2000236,김소혜
2000237,김소희
2000238,김수경
2000239,김수미
2000240,김수안
2000241,김수오
2000242,김수진
2000243,김수현
2000244,김슬기
2000245,김승우
2000246,김승현
2000247,김시아
2000248,김시은
2000249,김아롱
2000250,김아중
2000251,김여진
2000252,김연수
2000253,김영
2000254,김영광
2000255,김영근
2000256,김영선
2000257,김영순
2000258,김영애
2000259,김영웅
2000260,김영은
2000261,김영준
2000262,김영철
2000263,김예원
2000264,김예지
2000265,김옥빈
2000266,김용건
2000267,김용준
2000268,김용진
2000269,김우빈
2000270,김원기
2000271,김원덕
2000272,김원해
2000273,김유정
2000274,김윤석
2000275,김윤성
2000276,김윤지
2000277,김윤진
2000278,김윤태
2000279,김윤혜
2000280,김은아
2000281,김응수
2000282,김의성
2000283,김이서
2000284,김인
2000285,김인권
2000286,김인서
2000287,김인우
2000288,김재경
2000289,김재덕
2000290,김재범
2000291,김재영
2000292,김재철
2000293,김재화
2000294,김정난
2000295,김정석
2000296,김정영
2000297,김정운
2000298,김정일
2000299,김정태
2000300,김정하
2000301,김정현
2000302,김조은
2000303,김종구
2000304,김종석
2000305,김종수
2000306,김종윤
2000307,김종인
2000308,김종한
2000309,김종호
2000310,김종환
2000311,김주령
2000312,김주은
2000313,김주한
2000314,김주혁
2000315,김주현
2000316,김주환
2000317,김준
2000318,김준배
2000319,김준성
2000320,김준한
2000321,김준형
2000322,김지민
2000323,김지수
2000324,김지영
2000325,김지원
2000326,김지철
2000327,김지한
2000328,김지호
2000329,김지환
2000330,김지훈
2000331,김진근
2000332,김진래
2000333,김진영
2000334,김진우
2000335,김진향
2000336,김찬미
2000337,김채하
2000338,김태균
2000339,김태리
2000340,김태민
2000341,김태용
2000342,김태우
2000343,김태원
2000344,김태윤
2000345,김태응
2000346,김태한
2000347,김태훈
2000348,김택
2000349,김하늘
2000350,김하림
2000351,김하연
2000352,김학철
2000353,김해곤
2000354,김해숙
2000355,김향기
2000356,김현
2000357,김현수
2000358,김현욱
2000359,김현정
2000360,김현지
2000361,김형서
2000362,김형석
2000363,김혜선
2000364,김혜성
2000365,김혜수
2000366,김혜옥
2000367,김혜원
2000368,김혜윤
2000369,김혜은
2000370,김혜준
2000371,김호정
2000372,김호중
2000373,김홍파
2000374,김환희
2000375,김효진
2000376,김훈석
2000377,김희상
2000378,김희선
2000379,김희애
2000380,김희원
2000381,김희정
2000382,까심
2000383,꿈터컴퍼니
2000384,나규비
2000385,나나
2000386,나문희
2000387,나수윤
2000388,나연
2000389,나영희
2000390,나인우
2000391,나카무라
2000392,나희선
2000393,남경읍
2000394,남규리
2000395,남능미
2000396,남다름
2000397,남도형
2000398,남명렬
2000399,남보라
2000400,남상미
2000401,남일우
2000402,남주혁
2000403,남지우
2000404,남지현
2000405,노강민
2000406,노상현
2000407,노수산나
2000408,노영주
2000409,노윤서
2000410,노정의
2000411,노치만
2000412,니시지마
2000413,닝닝
2000414,다니엘
2000415,다은
2000416,다이빙
2000417,담당
2000418,담임
2000419,대표
2000420,데릭
2000421,데이비드
2000422,데인이앤티
2000423,도경수
2000424,도광원
2000425,도우
2000426,도운
2000427,도지한
2000428,도희
2000429,돌비
2000430,동물
2000431,동영배
2000432,동현배
2000433,디노
2000434,디오
2000435,라디오
2000436,라미란
2000437,레오
2000438,레오폴드
2000439,로기진
2000440,루나
2000441,루안
2000442,루한
2000443,류경수
2000444,류길수
2000445,류덕환
2000446,류승룡
2000447,류승범
2000448,류승수
2000449,류영훈
2000450,류의현
2000451,류준열
2000452,류한홍
2000453,류현경
2000454,류혜영
2000455,리암
2000456,리우
2000457,리포터
2000458,마녀
2000459,마동석
2000460,마리오기획
2000461,마야
2000462,마키
2000463,매니저
2000464,매릭
2000465,머드
2000466,메이트
2000467,명재현
2000468,모건
2000469,모나
2000470,모모
2000471,무비인피플
2000472,문근영
2000473,문남숙
2000474,문보령
2000475,문성근
2000476,문소리
2000477,문소희
2000478,문숙
2000479,문승아
2000480,문예원
2000481,문욱일
2000482,문유강
2000483,문정희
2000484,문지인
2000485,문채원
2000486,미국
2000487,미디어
2000488,미르
2000489,미르미돈
2000490,미츠코
2000491,민균
2000492,민도희
2000493,민성욱
2000494,민아
2000495,민진웅
2000496,민혁
2000497,민호
2000498,박건률
2000499,박건일
2000500,박경순
2000501,박근형
2000502,박기륭
2000503,박기웅
2000504,박두식
2000505,박두신
2000506,박란
2000507,박리나
2000508,박명훈
2000509,박미숙
2000510,박민우
2000511,박민정
2000512,박민지
2000513,박민하
2000514,박병은
2000515,박보검
2000516,박보영
2000517,박상남
2000518,박상욱
2000519,박상훈
2000520,박서준
2000521,박서함
2000522,박선영
2000523,박선옥
2000524,박선임
2000525,박선후
2000526,박성근
2000527,박성연
2000528,박성웅
2000529,박성태
2000530,박성현
2000531,박성훈
2000532,박세영
2000533,박세완
2000534,박세진
2000535,박소담
2000536,박소영
2000537,박소이
2000538,박솔미
2000539,박수연
2000540,박수영
2000541,박순천
2000542,박시안
2000543,박시후
2000544,박신양
2000545,박신혜
2000546,박영규
2000547,박예니
2000548,박예리
2000549,박예진
2000550,박용우
2000551,박우진
2000552,박원상
2000553,박유나
2000554,박유천
2000555,박윤
2000556,박윤희
2000557,박인환
2000558,박재정
2000559,박재준
2000560,박재찬
2000561,박정민
2000562,박정우
2000563,박정화
2000564,박종범
2000565,박종환
2000566,박주현
2000567,박주희
2000568,박준금
2000569,박준형
2000570,박지수
2000571,박지영
2000572,박지일
2000573,박지현
2000574,박지환
2000575,박지훈
2000576,박진주
2000577,박채익
2000578,박철민
2000579,박철현
2000580,박충선
2000581,박하나
2000582,박하선
2000583,박하얀
2000584,박해수
2000585,박해일
2000586,박해준
2000587,박해진
2000588,박혁권
2000589,박현숙
2000590,박형섭
2000591,박형식
2000592,박혜수
2000593,박혜진
2000594,박호산
2000595,박환희
2000596,박효주
2000597,박효준
2000598,박훈
2000599,박희본
2000600,박희순
2000601,박희정
2000602,박희진
2000603,반려동물학과
2000604,방연지
2000605,방유설
2000606,방은정
2000607,방중현
2000608,배그린
2000609,배두나
2000610,배민주
2000611,배성우
2000612,배수경
2000613,배수빈
2000614,배수지
2000615,배유람
2000616,배인혁
2000617,배정남
2000618,배정미
2000619,배정화
2000620,배종옥
2000621,배준수
2000622,백도빈
2000623,백마리
2000624,백설이
2000625,백성현
2000626,백수련
2000627,백수장
2000628,백승기
2000629,백아연
2000630,백윤식
2000631,백일섭
2000632,백진희
2000633,뱅상
2000634,버스
2000635,변요한
2000636,변우석
2000637,변희봉
2000638,보아
2000639,볼링지도
2000640,봉구
2000641,봉재현
2000642,브라이언
2000643,브랜든
2000644,브루스
2000645,블랙잭
2000646,비제이
2000647,빅토리아
2000648,뿔테
2000649,사나
2000650,사람과
2000651,사람과사람들
2000652,사람과아이들
2000653,사랑
2000654,사문영
2000655,사토미
2000656,사희
2000657,산얀
2000658,서광재
2000659,서리슬
2000660,서벽준
2000661,서신애
2000662,서영
2000663,서영희
2000664,서예지
2000665,서우
2000666,서유리
2000667,서은광
2000668,서인국
2000669,서인성
2000670,서인철
2000671,서준영
2000672,서지혜
2000673,서지후
2000674,서하늬
2000675,서한결
2000676,서현우
2000677,서현진
2000678,서현철
2000679,서홍석
2000680,서홍선
2000681,서효명
2000682,석재형
2000683,선동혁
2000684,선수
2000685,선우선
2000686,선우정아
2000687,선우철
2000688,설경구
2000689,설리
2000690,설인아
2000691,설재근
2000692,설지윤
2000693,설향
2000694,설현
2000695,섭외
2000696,성동일
2000697,성룡
2000698,성병숙
2000699,성우
2000700,성유리
2000701,성유빈
2000702,성준
2000703,성지루
2000704,성혁
2000705,성호
2000706,성훈
2000707,셔누
2000708,소금
2000709,소연
2000710,소은
2000711,소주연
2000712,소지섭
2000713,손나은
2000714,손담비
2000715,손덕기
2000716,손미나
2000717,손병호
2000718,손석구
2000719,손성윤
2000720,손숙
2000721,손예진
2000722,손우현
2000723,손은서
2000724,손이용
2000725,손인용
2000726,손종학
2000727,손지민
2000728,손지완
2000729,손현주
2000730,손호준
2000731,송가인
2000732,송강호
2000733,송기오
2000734,송기호
2000735,송민경
2000736,송민재
2000737,송삼동
2000738,송새벽
2000739,송승헌
2000740,송영관
2000741,송영창
2000742,송욱경
2000743,송율규
2000744,송은진
2000745,송은채
2000746,송이재
2000747,송일국
2000748,송재림
2000749,송중기
2000750,송지오
2000751,송지은
2000752,송지인
2000753,송지효
2000754,송진우
2000755,송하림
2000756,송한겸
2000757,송혜교
2000758,송훈
2000759,수애
2000760,수영
2000761,수지
2000762,수현
2000763,순호부
2000764,슈가
2000765,스노우
2000766,스테판
2000767,스토리
2000768,스토리무비
2000769,승준
2000770,시영준
2000771,시우민
2000772,신강우
2000773,신경선
2000774,신광일
2000775,신구
2000776,신기환
2000777,신길용
2000778,신동미
2000779,신동진
2000780,신린아
2000781,신민아
2000782,신범식
2000783,신세경
2000784,신세휘
2000785,신소율
2000786,신수항
2000787,신승호
2000788,신승환
2000789,신애라
2000790,신예진
2000791,신예찬
2000792,신용우
2000793,신원호
2000794,신유람
2000795,신유주
2000796,신은경
2000797,신은수
2000798,신재연
2000799,신재영
2000800,신정근
2000801,신정선
2000802,신주아
2000803,신주환
2000804,신지현
2000805,신지훈
2000806,신하균
2000807,신현빈
2000808,신현준
2000809,신혜선
2000810,실장
2000811,심규혁
2000812,심달기
2000813,심소영
2000814,심은경
2000815,아나운서
2000816,아오키
2000817,아이디
2000818,아이린
2000819,아이유
2000820,안길강
2000821,안내상
2000822,안대천
2000823,안무지도
2000824,안문주
2000825,안병경
2000826,안병우
2000827,안보현
2000828,안상완
2000829,안서현
2000830,안선영
2000831,안성기
2000832,안소이
2000833,안소희
2000834,안솔빈
2000835,안승균
2000836,안영미
2000837,안장혁
2000838,안재현
2000839,안재홍
2000840,안정훈
2000841,안지환
2000842,안현빈
2000843,안현서
2000844,알렉사
2000845,알파맨파워
2000846,액트레인
2000847,앤거스
2000848,앤드류
2000849,앤배움
2000850,얀츠카
2000851,양동근
2000852,양미
2000853,양범
2000854,양병간
2000855,양수아
2000856,양유진
2000857,양재원
2000858,양정두
2000859,양정화
2000860,양지호
2000861,엄상현
2000862,엄정화
2000863,엄지원
2000864,엄채영
2000865,엄태구
2000866,업체
2000867,엑셀
2000868,엠에이치파트
2000869,여민정
2000870,여상현
2000871,여욱환
2000872,여진구
2000873,여훈민
2000874,연구원
2000875,연기
2000876,연상엽
2000877,연우진
2000878,연준석
2000879,연지원
2000880,염광호
2000881,염정아
2000882,염혜란
2000883,영건
2000884,예수정
2000885,예지원
2000886,오광록
2000887,오나라
2000888,오달수
2000889,오대환
2000890,오동민
2000891,오만석
2000892,오메가
2000893,오민석
2000894,오민애
2000895,오스기
2000896,오승훈
2000897,오승희
2000898,오아린
2000899,오아연
2000900,오안진
2000901,오연서
2000902,오유진
2000903,오은서
2000904,오인성
2000905,오인혜
2000906,오정세
2000907,오종혁
2000908,오지호
2000909,오진우
2000910,오창석
2000911,오태경
2000912,오피디내연녀
2000913,오하늬
2000914,오혜원
2000915,오희준
2000916,옥예린
2000917,옥택연
2000918,옥한흠
2000919,온유
2000920,온주완
2000921,옹성우
2000922,와이엇
2000923,와치가면
2000924,왕징춘
2000925,우도환
2000926,우정신
2000927,우정원
2000928,우충현
2000929,우현
2000930,원세훈
2000931,원옥화
2000932,원진아
2000933,원태민
2000934,원태연
2000935,원현준
2000936,웨슬리
2000937,위하준
2000938,윈터
2000939,유가려
2000940,유다인
2000941,유라
2000942,유리
2000943,유병용
2000944,유병훈
2000945,유서진
2000946,유선
2000947,유선호
2000948,유성주
2000949,유세형
2000950,유수호
2000951,유승목
2000952,유승호
2000953,유아인
2000954,유연석
2000955,유영미
2000956,유영호
2000957,유오성
2000958,유우성
2000959,유인나
2000960,유인수
2000961,유인영
2000962,유장영
2000963,유재명
2000964,유재상
2000965,유준상
2000966,유지애
2000967,유지태
2000968,유하복
2000969,유해정
2000970,유해진
2000971,유호정
2000972,유희종
2000973,윤경호
2000974,윤계상
2000975,윤균상
2000976,윤다경
2000977,윤덕용
2000978,윤동원
2000979,윤병희
2000980,윤산하
2000981,윤상현
2000982,윤석주
2000983,윤석현
2000984,윤설희
2000985,윤성모
2000986,윤성욱
2000987,윤소이
2000988,윤소희
2000989,윤시윤
2000990,윤아
2000991,윤아영
2000992,윤여정
2000993,윤용식
2000994,윤유선
2000995,윤정섭
2000996,윤정희
2000997,윤제문
2000998,윤주희
2000999,윤지온
2001000,윤진서
2001001,윤진이
2001002,윤찬영
2001003,윤채이
2001004,윤철형
2001005,윤현민
2001006,은지원
2001007,음문석
2001008,이가섭
2001009,이가은
2001010,이강연
2001011,이경영
2001012,이경진
2001013,이경훈
2001014,이계인
2001015,이고르
2001016,이고은
2001017,이광수
2001018,이규복
2001019,이규한
2001020,이규형
2001021,이기영
2001022,이기우
2001023,이나경
2001024,이나영
2001025,이노아
2001026,이다윗
2001027,이다은
2001028,이달
2001029,이달형
2001030,이대휘
2001031,이도아
2001032,이도연
2001033,이도현
2001034,이동민
2001035,이동욱
2001036,이동환
2001037,이동휘
2001038,이레
2001039,이명호
2001040,이무생
2001041,이문식
2001042,이미도
2001043,이미소
2001044,이미숙
2001045,이미연
2001046,이미자
2001047,이미지
2001048,이미지단연
2001049,이미지캐스팅
2001050,이민규
2001051,이민기
2001052,이민정
2001053,이민지
2001054,이민혁
2001055,이민형
2001056,이민호
2001057,이범수
2001058,이병수
2001059,이병준
2001060,이병헌
2001061,이봉균
2001062,이봉근
2001063,이사벨라
2001064,이사비
2001065,이상아
2001066,이상엽
2001067,이상윤
2001068,이상준
2001069,이상철
2001070,이상희
2001071,이새별
2001072,이서영
2001073,이서진
2001074,이선
2001075,이선균
2001076,이선빈
2001077,이설
2001078,이설구
2001079,이성경
2001080,이성민
2001081,이성열
2001082,이성욱
2001083,이성혜
2001084,이세영
2001085,이세온
2001086,이세현
2001087,이션
2001088,이소망
2001089,이소영
2001090,이소은
2001091,이솜
2001092,이수
2001093,이수경
2001094,이수민
2001095,이수빈
2001096,이수완
2001097,이수웅
2001098,이수혁
2001099,이수현
2001100,이순원
2001101,이순재
2001102,이승기
2001103,이승불
2001104,이승준
2001105,이승철
2001106,이승현
2001107,이시영
2001108,이시우
2001109,이시원
2001110,이시카와
2001111,이신영
2001112,이아이
2001113,이어령
2001114,이언수
2001115,이엘
2001116,이연희
2001117,이영기
2001118,이영란
2001119,이영애
2001120,이영준
2001121,이영훈
2001122,이옥회
2001123,이옥희
2001124,이완
2001125,이요원
2001126,이용규
2001127,이용녀
2001128,이원근
2001129,이원석
2001130,이원종
2001131,이유리
2001132,이유미
2001133,이유비
2001134,이유영
2001135,이유준
2001136,이유진
2001137,이윤우
2001138,이윤희
2001139,이은미
2001140,이응광
2001141,이이경
2001142,이익준
2001143,이일준
2001144,이일화
2001145,이자은
2001146,이재범
2001147,이재용
2001148,이재인
2001149,이재진
2001150,이재평
2001151,이정은
2001152,이정재
2001153,이정진
2001154,이정하
2001155,이정학
2001156,이정현
2001157,이정형
2001158,이정훈
2001159,이제훈
2001160,이종민
2001161,이종석
2001162,이종혁
2001163,이주명
2001164,이주승
2001165,이주식
2001166,이주실
2001167,이주영
2001168,이주원
2001169,이주창
2001170,이주호
2001171,이준
2001172,이준영
2001173,이준혁
2001174,이준호
2001175,이중문
2001176,이중옥
2001177,이지아
2001178,이지영
2001179,이지원
2001180,이지은
2001181,이지하
2001182,이지현
2001183,이지형
2001184,이지훈
2001185,이진보
2001186,이진아
2001187,이진욱
2001188,이찬유
2001189,이찬형
2001190,이창섭
2001191,이창욱
2001192,이창훈
2001193,이채영
2001194,이채유
2001195,이채은
2001196,이천희
2001197,이철민
2001198,이철우
2001199,이케우치
2001200,이태란
2001201,이태리
2001202,이태석
2001203,이태임
2001204,이푸름
2001205,이필모
2001206,이하나
2001207,이하늬
2001208,이하라
2001209,이하율
2001210,이학주
2001211,이한
2001212,이항나
2001213,이해신
2001214,이해영
2001215,이현
2001216,이현수
2001217,이현우
2001218,이현욱
2001219,이현웅
2001220,이형철
2001221,이혜란
2001222,이혜영
2001223,이호성
2001224,이호원
2001225,이환
2001226,이효제
2001227,이휘향
2001228,이희준
2001229,이희진
2001230,임나영
2001231,임성재
2001232,임수정
2001233,임슬옹
2001234,임시완
2001235,임영서
2001236,임원희
2001237,임윤아
2001238,임은경
2001239,임주환
2001240,임지연
2001241,임지현
2001242,임지훈
2001243,임진경
2001244,임창정
2001245,임철수
2001246,임한빈
2001247,임한성
2001248,임현식
2001249,임형국
2001250,임형준
2001251,임화영
2001252,자레드
2001253,장광
2001254,장광언
2001255,장기용
2001256,장덕진
2001257,장동건
2001258,장동윤
2001259,장동주
2001260,장률
2001261,장명운
2001262,장민혁
2001263,장석정
2001264,장성범
2001265,장성윤
2001266,장세훈
2001267,장소연
2001268,장솜이
2001269,장수원
2001270,장순근
2001271,장영남
2001272,장원
2001273,장윤성
2001274,장윤주
2001275,장은숙
2001276,장의수
2001277,장재호
2001278,장준학
2001279,장지훈
2001280,장창주
2001281,장철민
2001282,장항선
2001283,장혁
2001284,장혁진
2001285,장현성
2001286,장현우
2001287,장현진
2001288,장형모
2001289,장혜원
2001290,장혜진
2001291,전광렬
2001292,전국향
2001293,전노민
2001294,전도연
2001295,전무송
2001296,전미선
2001297,전배수
2001298,전상우
2001299,전세현
2001300,전소니
2001301,전수경
2001302,전숙경
2001303,전여빈
2001304,전웅
2001305,전재영
2001306,전종서
2001307,전지현
2001308,전태열
2001309,전해리
2001310,전현석
2001311,전혜연
2001312,전혜진
2001313,전희연
2001314,정가람
2001315,정건주
2001316,정경호
2001317,정교림
2001318,정국
2001319,정규수
2001320,정다빈
2001321,정다은
2001322,정려원
2001323,정만식
2001324,정무성
2001325,정문성
2001326,정미남
2001327,정미숙
2001328,정민성
2001329,정산
2001330,정상현
2001331,정상훈
2001332,정석용
2001333,정선경
2001334,정선혜
2001335,정성화
2001336,정소민
2001337,정수정
2001338,정승길
2001339,정시연
2001340,정연
2001341,정영숙
2001342,정영웅
2001343,정영주
2001344,정용주
2001345,정우
2001346,정우성
2001347,정웅인
2001348,정원중
2001349,정원창
2001350,정유미
2001351,정유진
2001352,정은경
2001353,정은성
2001354,정은지
2001355,정의갑
2001356,정의욱
2001357,정이연
2001358,정인겸
2001359,정인기
2001360,정인선
2001361,정인율
2001362,정재광
2001363,정재성
2001364,정재숙
2001365,정재연
2001366,정재영
2001367,정재원
2001368,정제우
2001369,정주원
2001370,정준서
2001371,정준영
2001372,정준원
2001373,정준하
2001374,정준호
2001375,정지소
2001376,정지훈
2001377,정진영
2001378,정진운
2001379,정찬
2001380,정찬우
2001381,정채연
2001382,정크야드
2001383,정태우
2001384,정해균
2001385,정해인
2001386,정현준
2001387,정현진
2001388,정혜선
2001389,정혜영
2001390,정혜옥
2001391,정혜원
2001392,정혜인
2001393,정휘
2001394,정흥채
2001395,제니퍼
2001396,제동화
2001397,제이홉
2001398,조경이
2001399,조경훈
2001400,조달환
2001401,조동혁
2001402,조명연
2001403,조명행
2001404,조민경
2001405,조민서
2001406,조민수
2001407,조민아
2001408,조병규
2001409,조보아
2001410,조복래
2001411,조서후
2001412,조석현
2001413,조선
2001414,조성목
2001415,조성하
2001416,조성현
2001417,조수향
2001418,조승우
2001419,조아람
2001420,조여정
2001421,조영민
2001422,조용진
2001423,조우진
2001424,조운
2001425,조원상
2001426,조원석
2001427,조원희
2001428,조유진
2001429,조윤서
2001430,조윤희
2001431,조은솔
2001432,조은숙
2001433,조은지
2001434,조은형
2001435,조이진
2001436,조이현
2001437,조인성
2001438,조재영
2001439,조재윤
2001440,조재현
2001441,조정석
2001442,조진숙
2001443,조진웅
2001444,조하석
2001445,조한선
2001446,조한철
2001447,조현영
2001448,조현재
2001449,조현정
2001450,조현철
2001451,조형옥
2001452,주다영
2001453,주민하
2001454,주보비
2001455,주석태
2001456,주아문
2001457,주예빈
2001458,주원
2001459,주인영
2001460,주지훈
2001461,주진모
2001462,주학년
2001463,주헌
2001464,주현
2001465,준호
2001466,중식지도
2001467,지나
2001468,지대한
2001469,지성
2001470,지수
2001471,지승현
2001472,지안
2001473,지연
2001474,지용석
2001475,지용현
2001476,지용현이사
2001477,지원
2001478,지윤호
2001479,지일주
2001480,지젤
2001481,지진희
2001482,지창욱
2001483,지호근
2001484,지효
2001485,진경
2001486,진구
2001487,진권
2001488,진기주
2001489,진백림
2001490,진서연
2001491,진선규
2001492,진세연
2001493,진양욱
2001494,진영
2001495,진예솔
2001496,진이한
2001497,진주형
2001498,진지희
2001499,진행
2001500,차래형
2001501,차미경
2001502,차서원
2001503,차서하
2001504,차선우
2001505,차솔몬
2001506,차수연
2001507,차순배
2001508,차승원
2001509,차엽
2001510,차영옥
2001511,차예련
2001512,차인표
2001513,차청화
2001514,차태현
2001515,채민지
2001516,채서진
2001517,채수빈
2001518,채정안
2001519,책임
2001520,천우희
2001521,천이슬
2001522,천정명
2001523,천정은
2001524,천호진
2001525,최경미
2001526,최경훈
2001527,최광일
2001528,최귀화
2001529,최기훈
2001530,최낙윤
2001531,최다니엘
2001532,최다인
2001533,최덕문
2001534,최동구
2001535,최령
2001536,최로운
2001537,최리
2001538,최명빈
2001539,최무성
2001540,최문경
2001541,최민기
2001542,최민수
2001543,최민식
2001544,최민철
2001545,최병모
2001546,최보배
2001547,최상엽
2001548,최상훈
2001549,최선자
2001550,최성국
2001551,최성민
2001552,최성은
2001553,최승현
2001554,최승호
2001555,최승훈
2001556,최시형
2001557,최아린
2001558,최연청
2001559,최예린
2001560,최오식
2001561,최왕순
2001562,최용민
2001563,최우식
2001564,최원
2001565,최원영
2001566,최유화
2001567,최윤영
2001568,최인영
2001569,최재웅
2001570,최재환
2001571,최정우
2001572,최정윤
2001573,최정현
2001574,최종남
2001575,최준영
2001576,최지우
2001577,최지웅
2001578,최진리
2001579,최진호
2001580,최태양
2001581,최필립
2001582,최하나
2001583,최홍일
2001584,최희서
2001585,최희승
2001586,최희진
2001587,추병헌
2001588,추병현
2001589,추석영
2001590,추선
2001591,추예진
2001592,추자현
2001593,츠루미
2001594,카리나
2001595,캐서린
2001596,캐스팅
2001597,캐스팅지원
2001598,케빈
2001599,콜라괴물
2001600,쿠니무라
2001601,클라라
2001602,클라이브
2001603,클로이
2001604,클리프
2001605,타라
2001606,탁재훈
2001607,탁지안
2001608,탁지온
2001609,탁트인
2001610,탕웨이
2001611,탕준상
2001612,태산
2001613,태성친구
2001614,태원석
2001615,태항호
2001616,테멘
2001617,토마스
2001618,통역
2001619,티아이
2001620,팀장
2001621,파멜라
2001622,패트릭
2001623,표지훈
2001624,푸바오
2001625,피터
2001626,하나경
2001627,하다인
2001628,하도권
2001629,하룡이
2001630,하마다
2001631,하연수
2001632,하재숙
2001633,하정우
2001634,하정훈
2001635,하주희
2001636,하지원
2001637,하쿠
2001638,한가림
2001639,한고은
2001640,한기찬
2001641,한상학
2001642,한상혁
2001643,한석규
2001644,한선화
2001645,한소희
2001646,한수연
2001647,한승연
2001648,한승윤
2001649,한승현
2001650,한시아
2001651,한예리
2001652,한예원
2001653,한유은
2001654,한유지
2001655,한유한
2001656,한은수
2001657,한은정
2001658,한이진
2001659,한재영
2001660,한중연
2001661,한지민
2001662,한지은
2001663,한창현
2001664,한채아
2001665,한채영
2001666,한혜린
2001667,한혜진
2001668,한효주
2001669,함수정
2001670,함연지
2001671,함은정
2001672,함현주
2001673,해연
2001674,허동원
2001675,허성태
2001676,허율
2001677,허정도
2001678,허정민
2001679,허준석
2001680,허준호
2001681,허진
2001682,허진우
2001683,허철
2001684,헤어
2001685,현봉식
2001686,현빈
2001687,현석
2001688,현우
2001689,현장통역
2001690,협회장배
2001691,형원
2001692,혜리
2001693,홍경
2001694,홍경인
2001695,홍범기
2001696,홍사빈
2001697,홍서준
2001698,홍석
2001699,홍소영
2001700,홍수
2001701,홍수아
2001702,홍승희
2001703,홍시호
2001704,홍아름
2001705,홍예은
2001706,홍예지
2001707,홍은기
2001708,홍이주
2001709,홍종현
2001710,홍지은
2001711,홍진기
2001712,홍찬희
2001713,화학류
2001714,황경아
2001715,황보라
2001716,황석정
2001717,황세인
2001718,황우슬혜
2001719,황인성
2001720,황인탁
2001721,황정민
2001722,황정서
2001723,황찬성
2001724,황창영
2001725,황현빈
2001726,회장
2001727,효진
2001728,후지이
