director_code,director_name
3000001,Axton Lee
3000002,JYP ENTERTAINMENT
3000003,KOG 엘소드팀
3000004,NEW PISTOL
3000005,강대규
3000006,강대일
3000007,강동헌
3000008,강승용
3000009,강승훈
3000010,강우석
3000011,강유선
3000012,강윤성
3000013,강제규
3000014,강지은
3000015,강태호
3000016,강형철
3000017,강혜림
3000018,강효진
3000019,고경민
3000020,고동우
3000021,고레에다 히로카즈
3000022,고정욱
3000023,고훈
3000024,곽경택
3000025,곽재용
3000026,곽정덕
3000027,곽지성
3000028,구모
3000029,구민정
3000030,구수환
3000031,구태진
3000032,권봉근
3000033,권수경
3000034,권오광
3000035,권오승
3000036,권종관
3000037,권진모
3000038,권칠인
3000039,권혁만
3000040,권혁재
3000041,권형진
3000042,김경엽
3000043,김경원
3000044,김곡
3000045,김광빈
3000046,김광식
3000047,김광태
3000048,김규현
3000049,김나윤
3000050,김다희
3000051,김대승
3000052,김대우
3000053,김대웅
3000054,김덕민
3000055,김덕수
3000056,김도영
3000057,김동욱
3000058,김동준
3000059,김래경
3000060,김명균
3000061,김민수
3000062,김병서
3000063,김병우
3000064,김보민
3000065,김봉주
3000066,김봉한
3000067,김상민
3000068,김상진
3000069,김상철
3000070,김석윤
3000071,김선
3000072,김선형
3000073,김성기
3000074,김성민
3000075,김성수
3000076,김성식
3000077,김성욱
3000078,김성윤
3000079,김성제
3000080,김성한
3000081,김성훈
3000082,김세휘
3000083,김소정
3000084,김수정
3000085,김수훈
3000086,김승우
3000087,김아론
3000088,김영탁
3000089,김용균
3000090,김용완
3000091,김용화
3000092,김용훈
3000093,김원석
3000094,김유성
3000095,김윤석
3000096,김인식
3000097,김재수
3000098,김재훈
3000099,김정민
3000100,김정환
3000101,김정훈
3000102,김제영
3000103,김종관
3000104,김종현
3000105,김주호
3000106,김주환
3000107,김준성
3000108,김지선
3000109,김지연
3000110,김지열
3000111,김지운
3000112,김지혜
3000113,김지훈
3000114,김진영
3000115,김진원
3000116,김진철
3000117,김창주
3000118,김창훈
3000119,김태곤
3000120,김태균
3000121,김태용
3000122,김태윤
3000123,김태익
3000124,김학순
3000125,김한결
3000126,김한민
3000127,김현석
3000128,김현우
3000129,김현주
3000130,김현탁
3000131,김현호
3000132,김형기
3000133,김형주
3000134,김형협
3000135,김혜진
3000136,김호락
3000137,김호준
3000138,김홍선
3000139,김홍익
3000140,김휘
3000141,김희성
3000142,나현
3000143,나홍진
3000144,남대중
3000145,남동협
3000146,넥슨코리아 엘소드팀
3000147,노덕
3000148,노동석
3000149,노진수
3000150,듀안 에들러
3000151,류승완
3000152,류정우
3000153,리건
3000154,마대윤
3000155,모홍진
3000156,문교리
3000157,문제용
3000158,문현성
3000159,민규동
3000160,민용근
3000161,민준기
3000162,박광현
3000163,박규태
3000164,박규택
3000165,박균이
3000166,박누리
3000167,박단희
3000168,박대민
3000169,박동훈
3000170,박동희
3000171,박범수
3000172,박범준
3000173,박상준
3000174,박상현
3000175,박성광
3000176,박영균
3000177,박영주
3000178,박용집
3000179,박우주
3000180,박은경
3000181,박인제
3000182,박인한
3000183,박일호
3000184,박재식
3000185,박정배
3000186,박정오
3000187,박정우
3000188,박종균
3000189,박준수
3000190,박지완
3000191,박진영
3000192,박진표
3000193,박찬욱
3000194,박창진
3000195,박태동
3000196,박현진
3000197,박홍근
3000198,박훈정
3000199,박흥식
3000200,박희곤
3000201,박희준
3000202,반종 피산다나쿤
3000203,방수인
3000204,배완
3000205,백승기
3000206,백승화
3000207,백승환
3000208,백운학
3000209,백종열
3000210,변성현
3000211,변영규
3000212,변진호
3000213,변혁
3000214,변희선
3000215,봉준호
3000216,부지영
3000217,사부
3000218,서유민
3000219,서은영
3000220,서정희
3000221,석민우
3000222,성시흡
3000223,성신효
3000224,소재익
3000225,소준범
3000226,손미나
3000227,손석우
3000228,손용호
3000229,손원평
3000230,손재곤
3000231,송민규
3000232,송상민
3000233,송수림
3000234,송운
3000235,송창용
3000236,신근호
3000237,신동엽
3000238,신승훈
3000239,신연식
3000240,신재영
3000241,신재호
3000242,신정균
3000243,신정원
3000244,신창섭
3000245,신한솔
3000246,심덕근
3000247,심형준
3000248,안국진
3000249,안상훈
3000250,안철호
3000251,안태진
3000252,양경모
3000253,양길영
3000254,양병간
3000255,양우석
3000256,양희성
3000257,엄영식
3000258,엄유나
3000259,엄준영
3000260,엄태화
3000261,연상호
3000262,오기환
3000263,오성윤
3000264,오승욱
3000265,오원재
3000266,오윤동
3000267,오인천
3000268,용수
3000269,우민호
3000270,원신연
3000271,유선동
3000272,유영선
3000273,유원상
3000274,유재선
3000275,유재운
3000276,유정환
3000277,유하
3000278,육상효
3000279,윤권수
3000280,윤여창
3000281,윤영빈
3000282,윤은경
3000283,윤재구
3000284,윤재근
3000285,윤제균
3000286,윤제완
3000287,윤종빈
3000288,윤종석
3000289,윤준형
3000290,윤창섭
3000291,윤철형
3000292,윤현정
3000293,윤희성
3000294,이경미
3000295,이경섭
3000296,이계벽
3000297,이광범
3000298,이권
3000299,이규만
3000300,이달
3000301,이대경
3000302,이덕희
3000303,이도윤
3000304,이동하
3000305,이두환
3000306,이민재
3000307,이병헌
3000308,이사랑
3000309,이상근
3000310,이상용
3000311,이상화
3000312,이상훈
3000313,이서
3000314,이석근
3000315,이석준
3000316,이석훈
3000317,이성강
3000318,이성관
3000319,이성재
3000320,이성태
3000321,이성택
3000322,이수성
3000323,이수진
3000324,이숭환
3000325,이슬기
3000326,이승원
3000327,이승준
3000328,이안규
3000329,이언희
3000330,이연우
3000331,이영용
3000332,이영준
3000333,이요섭
3000334,이용승
3000335,이용주
3000336,이우철
3000337,이원석
3000338,이원태
3000339,이윤기
3000340,이윤정
3000341,이은희
3000342,이일형
3000343,이장훈
3000344,이재규
3000345,이재용
3000346,이재한
3000347,이정범
3000348,이정섭
3000349,이정재
3000350,이정호
3000351,이종석
3000352,이종언
3000353,이종필
3000354,이주영
3000355,이준익
3000356,이준학
3000357,이지승
3000358,이지원
3000359,이지혜
3000360,이창동
3000361,이창열
3000362,이창재
3000363,이창희
3000364,이철하
3000365,이춘백
3000366,이태슬
3000367,이필립
3000368,이한
3000369,이한욱
3000370,이해영
3000371,이해준
3000372,이혁종
3000373,이형민
3000374,이호재
3000375,이환경
3000376,인진수
3000377,임경택
3000378,임경호
3000379,임대웅
3000380,임상수
3000381,임성용
3000382,임순례
3000383,임아론
3000384,임용재
3000385,임재완
3000386,임진순
3000387,임찬상
3000388,임필성
3000389,장규성
3000390,장무현
3000391,장성수
3000392,장유정
3000393,장윤현
3000394,장의순
3000395,장재현
3000396,장준환
3000397,장진
3000398,장창원
3000399,장철수
3000400,장항준
3000401,장형모
3000402,장훈
3000403,전우성
3000404,전원창
3000405,전윤수
3000406,전태윤
3000407,전형준
3000408,정가영
3000409,정기훈
3000410,정길훈
3000411,정다원
3000412,정민규
3000413,정범식
3000414,정병길
3000415,정세교
3000416,정승원
3000417,정식
3000418,정연
3000419,정용기
3000420,정우성
3000421,정유경
3000422,정윤수
3000423,정윤철
3000424,정지연
3000425,정지영
3000426,정지우
3000427,정지환
3000428,정지훈
3000429,정진영
3000430,정태원
3000431,조규장
3000432,조근식
3000433,조근현
3000434,조바른
3000435,조범구
3000436,조석현
3000437,조선호
3000438,조성우
3000439,조성현
3000440,조성희
3000441,조슬예
3000442,조영준
3000443,조용선
3000444,조원희
3000445,조은지
3000446,조의석
3000447,조일형
3000448,조정래
3000449,조진모
3000450,조철현
3000451,조치언
3000452,조현정
3000453,존 카프카
3000454,주지홍
3000455,주호성
3000456,차봉주
3000457,창
3000458,채두병
3000459,채여준
3000460,천명관
3000461,천성일
3000462,천세환
3000463,최국희
3000464,최동훈
3000465,최병길
3000466,최상훈
3000467,최성현
3000468,최승호
3000469,최신규
3000470,최연수
3000471,최원섭
3000472,최윤석
3000473,최재훈
3000474,최정민
3000475,최정열
3000476,최종태
3000477,최필곤
3000478,최호
3000479,추창민
3000480,캘런 브렁커
3000481,케이오지 엘소드팀
3000482,키리야 카즈야키
3000483,탁세웅
3000484,토마스 고
3000485,토마스 아스트뤽
3000486,팽성우
3000487,페나키
3000488,피터 레페니오티스
3000489,필감성
3000490,필립 귀엔
3000491,하기호
3000492,하정우
3000493,하준원
3000494,한경수
3000495,한동석
3000496,한동성
3000497,한동욱
3000498,한동호
3000499,한명구
3000500,한상호
3000501,한상희
3000502,한승림
3000503,한승우
3000504,한재림
3000505,한종훈
3000506,한준희
3000507,허명행
3000508,허선
3000509,허인무
3000510,허정
3000511,허종호
3000512,허준형
3000513,허진호
3000514,현문섭
3000515,홍기선
3000516,홍석구
3000517,홍성호
3000518,홍수동
3000519,홍승완
3000520,홍원기
3000521,홍원찬
3000522,홍은미
3000523,홍의정
3000524,홍인표
3000525,홍지영
3000526,홍창표
3000527,황경성
3000528,황다슬
3000529,황동석
3000530,황동혁
3000531,황승재
3000532,황인호
