movie_code,distributor_name
1000001,(주)씨제이이엔엠
1000002,(주)씨제이이엔엠
1000003,주식회사 에이비오엔터테인먼트
1000003,메가박스중앙(주) 플러스엠 엔터테인먼트
1000004,메가박스중앙(주) 플러스엠 엔터테인먼트
1000005,롯데쇼핑㈜롯데엔터테인먼트
1000006,(주)쇼박스
1000007,(주)씨제이이엔엠
1000008,주식회사 에이비오엔터테인먼트
1000008,메가박스중앙(주) 플러스엠 엔터테인먼트
1000009,(주)씨제이이엔엠
1000010,주식회사 에이비오엔터테인먼트
1000010,메가박스중앙(주) 플러스엠 엔터테인먼트
1000011,롯데컬처웍스(주)롯데엔터테인먼트
1000012,(주)쇼박스
1000013,(주)쇼박스
1000014,(주)넥스트엔터테인먼트월드(NEW)
1000015,(주)씨제이이엔엠
1000016,(주)씨제이이엔엠
1000017,(주)쇼박스
1000018,롯데컬처웍스(주)롯데엔터테인먼트
1000019,(주)씨제이이엔엠
1000020,(주)씨제이이엔엠
1000021,(주)씨제이이엔엠
1000021,(주)덱스터스튜디오
1000022,롯데쇼핑㈜롯데엔터테인먼트
1000023,(주)씨제이이엔엠
1000024,(주)씨제이이엔엠
1000025,워너브러더스 코리아(주)
1000026,(주)씨제이이엔엠
1000027,(주)씨제이이엔엠
1000028,(주)씨제이이엔엠
1000029,(주)쇼박스
1000030,(주)쇼박스
1000031,(주)쇼박스
1000032,메가박스중앙(주) 플러스엠 엔터테인먼트
1000032,(주)키위미디어그룹
1000033,이십세기폭스코리아(주)
1000034,(주)씨제이이엔엠
1000035,(주)씨제이이엔엠
1000036,(주)넥스트엔터테인먼트월드(NEW)
1000037,(주)쇼박스
1000038,(주)넥스트엔터테인먼트월드(NEW)
1000039,(주)넥스트엔터테인먼트월드(NEW)
1000040,롯데컬처웍스(주)롯데엔터테인먼트
1000040,(주)에이스메이커무비웍스
1000041,메가박스중앙(주) 플러스엠 엔터테인먼트
1000042,롯데컬처웍스(주)롯데엔터테인먼트
1000043,롯데쇼핑㈜롯데엔터테인먼트
1000044,롯데쇼핑㈜롯데엔터테인먼트
1000045,(주)넥스트엔터테인먼트월드(NEW)
1000046,(주)넥스트엔터테인먼트월드(NEW)
1000047,롯데컬처웍스(주)롯데엔터테인먼트
1000048,(주)씨제이이엔엠
1000049,(주)씨제이이엔엠
1000050,(주)쇼박스
1000051,(주)쇼박스
1000052,(주)씨제이이엔엠
1000053,(주)씨제이이엔엠
1000054,롯데컬처웍스(주)롯데엔터테인먼트
1000055,(주)넥스트엔터테인먼트월드(NEW)
1000056,(주)넥스트엔터테인먼트월드(NEW)
1000057,(주)씨제이이엔엠
1000058,롯데컬처웍스(주)롯데엔터테인먼트
1000059,(주)넥스트엔터테인먼트월드(NEW)
1000060,(주)넥스트엔터테인먼트월드(NEW)
1000061,(주)씨제이이엔엠
1000062,롯데쇼핑㈜롯데엔터테인먼트
1000062,(주)싸이더스
1000063,(주)쇼박스
1000064,(주)바이포엠스튜디오
1000065,(주)씨제이이엔엠
1000066,(주)씨제이이엔엠
1000067,롯데컬처웍스(주)롯데엔터테인먼트
1000068,롯데쇼핑㈜롯데엔터테인먼트
1000069,(주)에이스메이커무비웍스
1000069,(주)키위미디어그룹
1000070,(주)쇼박스
1000071,(주)쇼박스
1000072,(주)넥스트엔터테인먼트월드(NEW)
1000073,(주)씨제이이엔엠
1000074,(주)와우픽쳐스
1000075,워너브러더스 코리아(주)
1000076,워너브러더스 코리아(주)
1000077,(주)쇼박스
1000078,(주)씨제이이엔엠
1000079,(주)씨제이이엔엠
1000080,(주)마노엔터테인먼트
1000080,롯데쇼핑㈜롯데엔터테인먼트
1000080,(주)리틀빅픽쳐스
1000081,(주)넥스트엔터테인먼트월드(NEW)
1000082,메가박스중앙(주) 플러스엠 엔터테인먼트
1000083,(주)쇼박스
1000084,롯데컬처웍스(주)롯데엔터테인먼트
1000085,메가박스중앙(주) 플러스엠 엔터테인먼트
1000086,(주)넥스트엔터테인먼트월드(NEW)
1000087,(주)씨제이이엔엠
1000088,(주)쇼박스
1000089,(주)씨제이이엔엠
1000090,(주)넥스트엔터테인먼트월드(NEW)
1000091,(주)쇼박스
1000091,씨제이포디플렉스 주식회사
1000092,(주)쇼박스
1000093,(주)쇼박스
1000094,(주)마인드마크
1000095,롯데쇼핑㈜롯데엔터테인먼트
1000096,(주)쇼박스
1000097,(주)에이스메이커무비웍스
1000098,롯데쇼핑㈜롯데엔터테인먼트
1000099,롯데컬처웍스(주)롯데엔터테인먼트
1000100,(주)씨제이이엔엠
1000101,롯데컬처웍스(주)롯데엔터테인먼트
1000102,(주)씨제이이엔엠
1000103,(주)씨제이이엔엠
1000104,롯데쇼핑㈜롯데엔터테인먼트
1000105,스튜디오 초이스 주식회사
1000105,(주)싸이더스
1000106,(주)쇼박스
1000107,(주)씨제이이엔엠
1000108,롯데컬처웍스(주)롯데엔터테인먼트
1000109,오퍼스픽쳐스(유)
1000109,CGV아트하우스
1000110,(주)씨제이이엔엠
1000111,(주)씨제이이엔엠
1000112,메가박스중앙(주) 플러스엠 엔터테인먼트
1000113,(주)쇼박스
1000114,메가박스중앙(주) 플러스엠 엔터테인먼트
1000115,(주)씨제이이엔엠
1000116,(주)씨제이이엔엠
1000117,(주)쇼박스
1000118,소니픽쳐스엔터테인먼트코리아주식회사극장배급지점
1000118,(주)키다리스튜디오
1000119,씨네그루(주)다우기술
1000120,(주)넥스트엔터테인먼트월드(NEW)
1000121,롯데컬처웍스(주)롯데엔터테인먼트
1000122,(주)메리크리스마스
1000122,TCO(주)더콘텐츠온
1000123,(주)쇼박스
1000124,(주)쇼박스
1000125,(주)씨제이이엔엠
1000126,(주)넥스트엔터테인먼트월드(NEW)
1000127,(주)씨제이이엔엠
1000128,롯데컬처웍스(주)롯데엔터테인먼트
1000129,(주)넥스트엔터테인먼트월드(NEW)
1000130,(주)에이스메이커무비웍스
1000131,(주)쇼박스
1000132,(주)씨제이이엔엠
1000133,(주)씨제이이엔엠
1000134,롯데컬처웍스(주)롯데엔터테인먼트
1000135,CGV아트하우스
1000135,영화사 풀
1000136,(주)넥스트엔터테인먼트월드(NEW)
1000137,(주)씨제이이엔엠
1000138,(주)씨제이이엔엠
1000139,롯데컬처웍스(주)롯데엔터테인먼트
1000140,(주)씨제이이엔엠
1000141,롯데컬처웍스(주)롯데엔터테인먼트
1000142,(주)씨제이이엔엠
1000143,(주)씨제이이엔엠
1000144,(주)씨제이이엔엠
1000145,(주)넥스트엔터테인먼트월드(NEW)
1000146,(주)마인드마크
1000147,메가박스중앙(주) 플러스엠 엔터테인먼트
1000148,(주)넥스트엔터테인먼트월드(NEW)
1000149,롯데컬처웍스(주)롯데엔터테인먼트
1000150,(주)넥스트엔터테인먼트월드(NEW)
1000151,메가박스중앙(주) 플러스엠 엔터테인먼트
1000152,(주)씨제이이엔엠
1000153,(주)씨제이이엔엠
1000154,롯데컬처웍스(주)롯데엔터테인먼트
1000155,(주)넥스트엔터테인먼트월드(NEW)
1000156,(주)씨제이이엔엠
1000157,(주)넥스트엔터테인먼트월드(NEW)
1000158,CGV아트하우스
1000159,메가박스중앙(주) 플러스엠 엔터테인먼트
1000160,(주)넥스트엔터테인먼트월드(NEW)
1000161,(주)콘텐츠지오
1000161,(주)아티스트스튜디오
1000161,(주)무빙픽쳐스컴퍼니
1000162,CGV아트하우스
1000163,롯데쇼핑㈜롯데엔터테인먼트
1000164,메가박스중앙(주) 플러스엠 엔터테인먼트
1000165,(주)씨제이이엔엠
1000166,(주)씨제이이엔엠
1000167,(주)넥스트엔터테인먼트월드(NEW)
1000168,메가박스중앙(주) 플러스엠 엔터테인먼트
1000169,(주)쇼박스
1000170,워너브러더스 코리아(주)
1000171,(주)씨제이이엔엠
1000172,롯데컬처웍스(주)롯데엔터테인먼트
1000173,메가박스중앙(주) 플러스엠 엔터테인먼트
1000174,(주)키다리이엔티
1000175,메가박스중앙(주) 플러스엠 엔터테인먼트
1000175,주식회사 키위컴퍼니
1000176,(주)쇼박스
1000177,(주)씨제이이엔엠
1000178,(주)넥스트엔터테인먼트월드(NEW)
1000179,CGV아트하우스
1000180,(주)에이스메이커무비웍스
1000181,(주)넥스트엔터테인먼트월드(NEW)
1000182,(주)넥스트엔터테인먼트월드(NEW)
1000183,(주)넥스트엔터테인먼트월드(NEW)
1000184,(주)쇼박스
1000185,(주)넥스트엔터테인먼트월드(NEW)
1000186,(주)씨제이이엔엠
1000187,(주)넥스트엔터테인먼트월드(NEW)
1000188,(주)쇼박스
1000189,롯데컬처웍스(주)롯데엔터테인먼트
1000189,(주)콘텐츠지오
1000189,주식회사 에이투지엔터테인먼트
1000190,워너브러더스 코리아(주)
1000191,롯데쇼핑㈜롯데엔터테인먼트
1000192,(주)에이스메이커무비웍스
1000193,메가박스중앙(주) 플러스엠 엔터테인먼트
1000193,(주)콘텐츠지오
1000194,(주)씨제이이엔엠
1000195,CGV아트하우스
1000196,(주)넥스트엔터테인먼트월드(NEW)
1000197,롯데쇼핑㈜롯데엔터테인먼트
1000198,메가박스중앙(주) 플러스엠 엔터테인먼트
1000199,메가박스중앙(주) 플러스엠 엔터테인먼트
1000200,(주)마인드마크
1000201,이십세기폭스코리아(주)
1000202,메가박스중앙(주) 플러스엠 엔터테인먼트
1000203,(주)씨제이이엔엠
1000204,(주)씨제이이엔엠
1000205,(주)쇼박스
1000206,(주)넥스트엔터테인먼트월드(NEW)
1000207,메가박스중앙(주) 플러스엠 엔터테인먼트
1000208,CGV아트하우스
1000209,(주)넥스트엔터테인먼트월드(NEW)
1000210,주식회사 에이비오엔터테인먼트
1000210,메가박스중앙(주) 플러스엠 엔터테인먼트
1000211,메가박스중앙(주) 플러스엠 엔터테인먼트
1000212,소니픽쳐스엔터테인먼트코리아주식회사극장배급지점
1000212,(주)키다리이엔티
1000213,(주)씨제이이엔엠
1000214,(주)씨제이이엔엠
1000215,(주)씨제이이엔엠
1000216,(주)넥스트엔터테인먼트월드(NEW)
1000217,메가박스중앙(주) 플러스엠 엔터테인먼트
1000218,메가박스중앙(주) 플러스엠 엔터테인먼트
1000219,(주)넥스트엔터테인먼트월드(NEW)
1000220,메가박스중앙(주) 플러스엠 엔터테인먼트
1000221,롯데컬처웍스(주)롯데엔터테인먼트
1000222,롯데컬처웍스(주)롯데엔터테인먼트
1000223,메가박스중앙(주) 플러스엠 엔터테인먼트
1000224,(주)쇼박스
1000225,(주)씨제이이엔엠
1000226,워너브러더스 코리아(주)
1000227,씨네그루(주)다우기술
1000228,(주)씨제이이엔엠
1000229,(주)씨제이이엔엠
1000230,(주)넥스트엔터테인먼트월드(NEW)
1000231,(주)에이스메이커무비웍스
1000232,롯데컬처웍스(주)롯데엔터테인먼트
1000233,(주)바른손이앤에이
1000234,(주)씨제이이엔엠
1000235,(주)넥스트엔터테인먼트월드(NEW)
1000236,(주)넥스트엔터테인먼트월드(NEW)
1000237,(주)넥스트엔터테인먼트월드(NEW)
1000238,롯데쇼핑㈜롯데엔터테인먼트
1000239,(주)씨제이이엔엠
1000240,롯데컬처웍스(주)롯데엔터테인먼트
1000241,이십세기폭스코리아(주)
1000242,(주)넥스트엔터테인먼트월드(NEW)
1000243,(주)쇼박스
1000243,(주)와우픽쳐스
1000244,(주)씨제이이엔엠
1000245,롯데컬처웍스(주)롯데엔터테인먼트
1000245,(주)키다리이엔티
1000246,(주)넥스트엔터테인먼트월드(NEW)
1000247,오퍼스픽쳐스(유)
1000248,(주)하이브미디어코프
1000248,(주)마인드마크
1000249,(주)리틀빅픽쳐스
1000250,(주)넥스트엔터테인먼트월드(NEW)
1000251,(주)에이스메이커무비웍스
1000252,(주)리틀빅픽쳐스
1000253,롯데쇼핑㈜롯데엔터테인먼트
1000254,(주)쇼박스
1000255,메가박스중앙(주) 플러스엠 엔터테인먼트
1000256,메가박스중앙(주) 플러스엠 엔터테인먼트
1000257,(주)바른손이앤에이
1000258,(주)넥스트엔터테인먼트월드(NEW)
1000259,워너브러더스 코리아(주)
1000260,(주)넥스트엔터테인먼트월드(NEW)
1000261,(주)쇼박스
1000262,워너브러더스 코리아(주)
1000263,메가박스중앙(주) 플러스엠 엔터테인먼트
1000263,(주)리틀빅픽쳐스
1000264,메가박스중앙(주) 플러스엠 엔터테인먼트
1000265,(주)쇼박스
1000266,(주)쇼박스
1000267,롯데쇼핑㈜롯데엔터테인먼트
1000268,(주)씨제이이엔엠
1000269,(주)씨제이이엔엠
1000270,(주)에이스메이커무비웍스
1000271,(주)에이스메이커무비웍스
1000272,TCO(주)더콘텐츠온
1000272,씨제이 씨지브이(CJ CGV)(주)
1000273,(주)넥스트엔터테인먼트월드(NEW)
1000274,롯데쇼핑㈜롯데엔터테인먼트
1000275,씨제이 씨지브이(CJ CGV)(주)
1000276,유나이티드픽처스(주)
1000277,롯데쇼핑㈜롯데엔터테인먼트
1000278,(주)넥스트엔터테인먼트월드(NEW)
1000279,CGV아트하우스
1000280,롯데쇼핑㈜롯데엔터테인먼트
1000281,롯데컬처웍스(주)롯데엔터테인먼트
1000282,(주)마인드마크
1000283,롯데쇼핑㈜롯데엔터테인먼트
1000284,(주)메리크리스마스
1000285,(주)쇼박스
1000286,(주)넥스트엔터테인먼트월드(NEW)
1000287,(주)넥스트엔터테인먼트월드(NEW)
1000288,(주)씨제이이엔엠
1000289,(주)넥스트엔터테인먼트월드(NEW)
1000290,(주)넥스트엔터테인먼트월드(NEW)
1000291,(주)넥스트엔터테인먼트월드(NEW)
1000292,롯데쇼핑㈜롯데엔터테인먼트
1000293,(주)씨제이이엔엠
1000294,(주)넥스트엔터테인먼트월드(NEW)
1000295,(주)메리크리스마스
1000296,메가박스중앙(주) 플러스엠 엔터테인먼트
1000297,(주)에이스메이커무비웍스
1000298,(주)씨제이이엔엠
1000299,(주)쇼박스
1000300,메가박스중앙(주) 플러스엠 엔터테인먼트
1000301,(주)씨제이이엔엠
1000302,(주)리틀빅픽쳐스
1000303,롯데컬처웍스(주)롯데엔터테인먼트
1000304,(주)스튜디오디에이치엘
1000304,(주)키다리스튜디오
1000305,(주)씨제이이엔엠
1000306,롯데컬처웍스(주)롯데엔터테인먼트
1000307,(주)제이앤씨미디어그룹
1000307,TCO(주)더콘텐츠온
1000308,(주)리틀빅픽쳐스
1000308,(주)트리니티픽쳐스
1000309,(주)씨제이이엔엠
1000310,(주)씨제이이엔엠
1000311,(주)바이포엠스튜디오
1000311,(주)제이앤씨미디어그룹
1000312,소니픽쳐스엔터테인먼트코리아주식회사극장배급지점
1000312,(주)키다리이엔티
1000313,(주)씨제이이엔엠
1000314,(주)콘텐츠지오
1000315,롯데쇼핑㈜롯데엔터테인먼트
1000315,(주)마인스 엔터테인먼트
1000316,(주)에이스메이커무비웍스
1000317,(주)리틀빅픽쳐스
1000318,씨제이 씨지브이(CJ CGV)(주)
1000319,롯데쇼핑㈜롯데엔터테인먼트
1000320,(주)씨제이이엔엠
1000321,올픽처스 주식회사
1000322,(주)씨제이이엔엠
1000323,롯데쇼핑㈜롯데엔터테인먼트
1000324,메가박스중앙(주) 플러스엠 엔터테인먼트
1000325,롯데쇼핑㈜롯데엔터테인먼트
1000326,(주)씨제이이엔엠
1000327,(주)리틀빅픽쳐스
1000328,(주)넥스트엔터테인먼트월드(NEW)
1000329,(주)넥스트엔터테인먼트월드(NEW)
1000330,(주)넥스트엔터테인먼트월드(NEW)
1000331,(주)싸이더스
1000332,CGV아트하우스
1000333,(주)씨제이이엔엠
1000334,씨제이 씨지브이(CJ CGV)(주)
1000334,(주)레드아이스 엔터테인먼트
1000335,주식회사 로아앤코홀딩스
1000335,(주)아센디오
1000335,(주)제이앤씨미디어그룹
1000336,(주)넥스트엔터테인먼트월드(NEW)
1000337,롯데쇼핑㈜롯데엔터테인먼트
1000338,(주)아이필름코퍼레이션
1000338,씨제이 씨지브이(CJ CGV)(주)
1000339,메가박스중앙(주) 플러스엠 엔터테인먼트
1000340,(주)바른손이앤에이
1000341,오퍼스픽쳐스(유)
1000342,롯데쇼핑㈜롯데엔터테인먼트
1000343,씨지브이 아이스콘
1000343,월트디즈니컴퍼니코리아 유한책임회사
1000344,(주)시네마서비스
1000345,(주)키다리이엔티
1000345,주식회사 키위컴퍼니
1000346,씨제이 씨지브이(CJ CGV)(주)
1000347,(주)리틀빅픽쳐스
1000347,(주)이수C&E
1000348,(주)키다리이엔티
1000349,CGV아트하우스
1000350,롯데쇼핑㈜롯데엔터테인먼트
1000351,롯데쇼핑㈜롯데엔터테인먼트
1000352,롯데컬처웍스(주)롯데엔터테인먼트
1000353,워너브러더스 코리아(주)
1000354,롯데쇼핑㈜롯데엔터테인먼트
1000355,월트디즈니컴퍼니코리아 유한책임회사
1000356,(주)콘텐츠지오
1000356,(주)키다리스튜디오
1000356,㈜아티스트컴퍼니
1000357,판씨네마(주)
1000358,CGV아트하우스
1000359,(주)넥스트엔터테인먼트월드(NEW)
1000360,(주)넥스트엔터테인먼트월드(NEW)
1000361,(주)쇼박스
1000362,메가박스중앙(주) 플러스엠 엔터테인먼트
1000363,(주)쇼박스
1000364,(주)마인드마크
1000365,(주)넥스트엔터테인먼트월드(NEW)
1000366,(주)프레인글로벌
1000367,(주)바른손이앤에이
1000368,판씨네마(주)
1000369,메가박스중앙(주) 플러스엠 엔터테인먼트
1000370,메가박스중앙(주) 플러스엠 엔터테인먼트
1000371,CGV아트하우스
1000372,씨제이 씨지브이(CJ CGV)(주)
1000373,(주)프레인글로벌
1000374,메가박스중앙(주) 플러스엠 엔터테인먼트
1000375,워너브러더스 코리아(주)
1000376,(주)씨제이이엔엠
1000377,(주)넥스트엔터테인먼트월드(NEW)
1000378,(주)씨제이이엔엠
1000378,주식회사 티빙
1000379,롯데컬처웍스(주)롯데엔터테인먼트
1000380,워너브러더스 코리아(주)
1000381,(주)씨제이이엔엠
1000382,메가박스중앙(주) 플러스엠 엔터테인먼트
1000383,(주)씨제이이엔엠
1000384,(주)인벤트스톤
1000385,메가박스중앙(주) 플러스엠 엔터테인먼트
1000386,(주)씨제이이엔엠
1000387,(주)넥스트엔터테인먼트월드(NEW)
1000388,(주)그노스
1000389,(주)키다리이엔티
1000390,워너브러더스 코리아(주)
1000391,(주)리틀빅픽쳐스
1000392,(주)쇼박스
1000393,롯데컬처웍스(주)롯데엔터테인먼트
1000394,오퍼스픽쳐스(유)
1000394,CGV아트하우스
1000395,(주)키다리스튜디오
1000396,(주)제이앤씨미디어그룹
1000396,TCO(주)더콘텐츠온
1000397,(주)리틀빅픽쳐스
1000398,(주)와우픽쳐스
1000398,(주)쇼박스
1000399,씨제이 씨지브이(CJ CGV)(주)
1000399,(주)케이티알파
1000400,씨제이 씨지브이(CJ CGV)(주)
1000400,씨제이포디플렉스 주식회사
1000401,(주)에이스메이커무비웍스
1000402,(주)쇼박스
1000403,(주)에이스메이커무비웍스
1000404,(주)에이스메이커무비웍스
1000405,(주)리틀빅픽쳐스
1000406,롯데컬처웍스(주)롯데엔터테인먼트
1000407,(주)키위미디어그룹
1000407,오퍼스픽쳐스(유)
1000407,(주)씨네필운
1000408,(주)넥스트엔터테인먼트월드(NEW)
1000409,(주)넥스트엔터테인먼트월드(NEW)
1000410,(주)넥스트엔터테인먼트월드(NEW)
1000411,CGV아트하우스
1000412,(주)에이스메이커무비웍스
1000413,롯데쇼핑㈜롯데엔터테인먼트
1000414,롯데컬처웍스(주)롯데엔터테인먼트
1000415,(주)씨제이이엔엠
1000416,(주)넥스트엔터테인먼트월드(NEW)
1000417,TCO(주)더콘텐츠온
1000417,씨제이 씨지브이(CJ CGV)(주)
1000418,(주)리틀빅픽쳐스
1000419,(주)리틀빅픽쳐스
1000420,(주)셀트리온엔터테인먼트
1000421,오퍼스픽쳐스(유)
1000422,(주)대명문화공장
1000422,(주)리틀빅픽쳐스
1000423,(주)에이스메이커무비웍스
1000424,(주)에이스메이커무비웍스
1000425,(주)키다리이엔티
1000426,메가박스중앙(주) 플러스엠 엔터테인먼트
1000426,(주)리틀빅픽쳐스
1000427,(주)넥스트엔터테인먼트월드(NEW)
1000428,메가박스중앙(주) 플러스엠 엔터테인먼트
1000428,(주)레드로버
1000429,메가박스중앙(주) 플러스엠 엔터테인먼트
1000430,(주)이수C&E
1000430,(주)스톰픽쳐스코리아
1000431,(주)넥스트엔터테인먼트월드(NEW)
1000432,(주)씨제이이엔엠
1000433,(주)인벤트스톤
1000434,(주)씨제이이엔엠
1000435,(주)스마일이엔티
1000436,메가박스중앙(주) 플러스엠 엔터테인먼트
1000437,(주)씨제이이엔엠
1000438,TCO(주)더콘텐츠온
1000439,이십세기폭스코리아(주)
1000440,롯데쇼핑㈜롯데엔터테인먼트
1000441,씨지브이 아이스콘
1000442,롯데컬처웍스(주)롯데엔터테인먼트
1000443,메가박스중앙(주) 플러스엠 엔터테인먼트
1000444,(주)리틀빅픽쳐스
1000444,(주)페퍼민트앤컴퍼니
1000445,(주)바이포엠스튜디오
1000446,씨네그루(주)다우기술
1000447,씨제이 씨지브이(CJ CGV)(주)
1000448,(주)아이코닉스
1000449,메가박스중앙(주) 플러스엠 엔터테인먼트
1000450,메가박스중앙(주) 플러스엠 엔터테인먼트
1000451,TCO(주)더콘텐츠온
1000452,(주)제이앤씨미디어그룹
1000452,주식회사 로아앤코홀딩스
1000453,(주)에스에이엠지엔터테인먼트
1000454,씨제이 씨지브이(CJ CGV)(주)
1000455,TCO(주)더콘텐츠온
1000456,(주)제이앤씨미디어그룹
1000457,(주)에이스메이커무비웍스
1000458,롯데컬처웍스(주)롯데엔터테인먼트
1000459,씨제이 씨지브이(CJ CGV)(주)
1000459,(주)씨네필운
1000460,TCO(주)더콘텐츠온
1000461,(주)영화사오원
1000462,(주)리틀빅픽쳐스
1000463,(주)넥스트엔터테인먼트월드(NEW)
1000464,필라멘트픽쳐스
1000465,(주)에스에이엠지엔터테인먼트
1000466,(주)리틀빅픽쳐스
1000467,CGV아트하우스
1000468,(주)제이앤씨미디어그룹
1000469,메가박스중앙(주) 플러스엠 엔터테인먼트
1000470,파이오니아21
1000471,주식회사 왓챠
1000472,(주)리틀빅픽쳐스
1000473,(주)메리크리스마스
1000474,(주)메리크리스마스
1000475,TCO(주)더콘텐츠온
1000475,(주)제이앤씨미디어그룹
1000476,(주)넥스트엔터테인먼트월드(NEW)
1000477,(주)박수엔터테인먼트
1000478,(주)리틀빅픽쳐스
1000478,(주)인벤트스톤
1000479,(주)리틀빅픽쳐스
1000480,(주)아이에이치큐
1000480,(주)영화사 륙
1000480,(주)씨네필운
1000481,(주)스마일이엔티
1000482,씨제이 씨지브이(CJ CGV)(주)
1000482,롯데컬처웍스(주)롯데시네마
1000483,(주)리틀빅픽쳐스
1000484,(주)영화사 빅
1000484,(주)버킷스튜디오
1000485,(주)대명문화공장
1000485,(주)리틀빅픽쳐스
1000486,(주)키다리이엔티
1000487,(주)씨제이이엔엠
1000488,씨제이포디플렉스 주식회사
1000489,힘컨텐츠(주)
1000489,(주)디스테이션
1000490,(주)리틀빅픽쳐스
1000491,씨제이 씨지브이(CJ CGV)(주)
1000492,(주)키다리이엔티
1000493,(주)리틀빅픽쳐스
1000494,(주)리틀빅픽쳐스
1000495,예지림엔터테인먼트
1000496,오퍼스픽쳐스(유)
1000497,(주)제이앤씨미디어그룹
1000497,와이드 릴리즈(주)
1000498,(주)제이앤씨미디어그룹
1000499,(주)디스테이션
1000500,TCO(주)더콘텐츠온
1000500,(주)제이앤씨미디어그룹
1000500,(주)아센디오
1000501,CGV아트하우스
1000502,씨제이 씨지브이(CJ CGV)(주)
1000503,씨지브이 아이스콘
1000504,오퍼스픽쳐스(유)
1000505,(주)키다리이엔티
1000506,(주)쇼박스
1000507,와이드 릴리즈(주)
1000508,롯데컬처웍스(주)롯데엔터테인먼트
1000509,와이드 릴리즈(주)
1000510,월트디즈니컴퍼니코리아 유한책임회사
1000511,(주)팝엔터테인먼트
1000512,롯데컬처웍스(주)롯데엔터테인먼트
1000513,(주)스튜디오디에이치엘
1000514,(주)콘텐츠판다
1000515,(주)키다리이엔티
1000516,(주)대명문화공장
1000516,(주)나이너스엔터테인먼트
1000517,(주)에스에이엠지엔터테인먼트
1000518,(주)넥스트엔터테인먼트월드(NEW)
1000519,롯데컬처웍스(주)롯데엔터테인먼트
1000520,(주)스톰픽쳐스코리아
1000520,(주)이수C&E
1000521,(주)드림팩트엔터테인먼트
1000521,파이오니아21
1000522,(주)영화특별시에스엠씨
1000523,(주)마인스 엔터테인먼트
1000524,(주)넥스트엔터테인먼트월드(NEW)
1000525,(주)스톰픽쳐스코리아
1000525,TCO(주)더콘텐츠온
1000526,메가박스중앙(주) 플러스엠 엔터테인먼트
1000527,메가박스중앙(주) 플러스엠 엔터테인먼트
1000528,TCO(주)더콘텐츠온
1000528,(주)블루라벨픽쳐스
1000528,(주)대교 미디어콘텐츠사업본부
1000529,롯데컬처웍스(주)롯시플
1000529,(주)영화사 그램
1000530,플레이리스트(주)
1000531,(주)박수엔터테인먼트
1000532,TCO(주)더콘텐츠온
1000532,(주)블루라벨픽쳐스
1000533,씨제이포디플렉스 주식회사
1000534,영화사빅
1000535,(주)갤리온엔터테인먼트
1000535,영화로운 형제
1000536,롯데컬처웍스(주)롯데엔터테인먼트
1000537,(주)다자인소프트
1000538,(주)디스테이션
1000539,(주)영화특별시에스엠씨
1000540,(주)영화특별시에스엠씨
1000541,(주)라이크콘텐츠
1000542,롯데컬처웍스(주)롯데엔터테인먼트
1000543,씨제이 씨지브이(CJ CGV)(주)
1000544,(주)박수엔터테인먼트
1000545,와이드 릴리즈(주)
1000546,와이드 릴리즈(주)
1000547,(주)에스에이엠지엔터테인먼트
1000548,씨제이 씨지브이(CJ CGV)(주)
1000549,(주)라온컴퍼니플러스
1000550,씨지브이 아이스콘
1000551,와이드 릴리즈(주)
1000552,(주)케이티알파
1000552,판씨네마(주)
1000553,(주)리틀빅픽쳐스
1000554,더핑크퐁컴퍼니(주)
1000555,주식회사 콘텐츠존
1000555,(주)다자인소프트
1000556,(주)중헌홀딩스
1000557,오퍼스픽쳐스(유)
1000558,주식회사 넘버쓰리픽쳐스
1000559,(주)제이앤씨미디어그룹
1000560,(주)이놀미디어
1000561,와이드 릴리즈(주)
1000562,(주)영화특별시에스엠씨
1000563,(주)메리크리스마스
1000564,(주)이놀미디어
1000565,씨제이 씨지브이(CJ CGV)(주)
1000565,씨지브이 아이스콘
1000566,(주)스톰픽쳐스코리아
1000567,(주)지티지그룹
1000567,와이드 릴리즈(주)
1000568,메가박스중앙(주) 플러스엠 엔터테인먼트
1000569,(주)스톰픽쳐스코리아
1000570,트윈플러스파트너스(주)
1000571,(주)씨제이이엔엠
1000572,(주)에이원엔터테인먼트
1000573,(주)팝엔터테인먼트
1000574,씨지브이 아이스콘
1000575,(주)로이비쥬얼
1000576,(주)영화특별시에스엠씨
1000577,와이드 릴리즈(주)
1000578,(주)드림팩트엔터테인먼트
1000579,와이드 릴리즈(주)
1000579,(주)제이앤씨미디어그룹
1000580,씨제이 씨지브이(CJ CGV)(주)
1000581,씨제이 씨지브이(CJ CGV)(주)
1000581,씨지브이 아이스콘
1000582,(주)에스에이엠지엔터테인먼트
1000583,케이비에스미디어(주)
1000583,KBS 미디어
1000584,(주)니즈텔레콤
1000585,와이드 릴리즈(주)
1000586,씨제이 씨지브이(CJ CGV)(주)
1000587,TCO(주)더콘텐츠온
1000587,와이드 릴리즈(주)
1000587,(주)제이앤씨미디어그룹
1000588,(주)박수엔터테인먼트
1000589,(주)박수엔터테인먼트
1000590,(주)나이너스엔터테인먼트
1000590,윌스튜디오 주식회사
1000591,(주)인벤트스톤
1000592,롯데컬처웍스(주)롯시플
1000593,트윈플러스파트너스(주)
1000594,TCO(주)더콘텐츠온
1000595,(주)스톰픽쳐스코리아
1000596,(주)스톰픽쳐스코리아
1000596,와이드 릴리즈(주)
1000597,(주)박수엔터테인먼트
1000598,트윈플러스파트너스(주)
1000599,(주)트리플픽쳐스
1000600,씨제이포디플렉스 주식회사
1000601,(주)제이앤씨미디어그룹
1000602,파이오니아21
1000603,(주)피터팬픽쳐스
1000604,(주)지티지그룹
1000604,와이드 릴리즈(주)
1000605,(주)박수엔터테인먼트
1000606,(주)그노스
1000607,롯데쇼핑㈜롯데엔터테인먼트
1000608,(주)드림팩트엔터테인먼트
1000609,씨제이 씨지브이(CJ CGV)(주)
1000610,(주)백그림
1000611,(주)파이브데이
1000612,파이오니아21
1000613,(주)리틀빅픽쳐스
1000614,와이드 릴리즈(주)
1000615,시네마 뉴원
1000616,씨제이 씨지브이(CJ CGV)(주)
1000617,와이드 릴리즈(주)
1000617,(주)제이앤씨미디어그룹
1000618,(주)피터팬픽쳐스
1000619,(주)그노스
1000620,롯데컬처웍스(주)롯데엔터테인먼트
1000621,(주)라온컴퍼니플러스
1000622,(주)제이앤씨미디어그룹
1000623,(주)디스테이션
1000624,씨제이 씨지브이(CJ CGV)(주)
1000625,씨제이 씨지브이(CJ CGV)(주)
1000626,(주)인벤트스톤
1000627,씨제이 씨지브이(CJ CGV)(주)
1000628,(주)쇼박스
1000629,씨제이 씨지브이(CJ CGV)(주)
1000630,와이드 릴리즈(주)
1000631,(주)이놀미디어
1000632,씨지브이 아이스콘
1000632,씨제이포디플렉스 주식회사
1000633,씨지브이 아이스콘
1000634,(주)박수엔터테인먼트
1000635,노바엔터테인먼트
1000636,(주)케이알씨지
1000637,주식회사 넘버쓰리픽쳐스
1000638,(주)도어이앤엠
1000639,(주)라온컴퍼니플러스
1000640,(주)영화사 그램
1000641,(주)그노스
1000642,파이오니아21
1000643,(주)드림팩트엔터테인먼트
1000644,(주)박수엔터테인먼트
1000645,(주)이놀미디어
1000646,와이드 릴리즈(주)
1000647,메가박스중앙(주)
1000648,브릿지웍스 엔터테인먼트(주)
1000649,(주)박수엔터테인먼트
1000650,(주)박수엔터테인먼트
1000651,(주)디스테이션
1000652,(주)영화사오원
1000653,메가박스중앙(주)
1000654,브릿지웍스 엔터테인먼트(주)
1000655,씨제이 씨지브이(CJ CGV)(주)
1000656,노바엔터테인먼트
1000657,씨지브이 아이스콘
1000658,(주)콘텐츠윙
1000659,(주)무비다이브
1000660,씨제이 씨지브이(CJ CGV)(주)
1000662,(주)엣나인필름
1000663,시네마 뉴원
1000664,(주)박수엔터테인먼트
1000665,골든타이드픽처스(주)
1000666,(주)케이알씨지
1000667,씨제이 씨지브이(CJ CGV)(주)
1000668,(주)이놀미디어
1000669,(주)유어스토리블루
1000670,(주)문와쳐
1000671,(주)드림팩트엔터테인먼트
1000672,시네마 뉴원
1000673,(주)피터팬픽쳐스
1000674,어뮤즈
1000675,프로젝트 엔터테인먼트 제작사
1000676,시네마 뉴원
1000677,(주)케이알씨지
1000678,(주)스튜디오후크
1000679,(주)컨택트미디어
1000680,(주)그노스
1000680,(주)다날엔터테인먼트
1000681,와이드 릴리즈(주)
1000681,(주)제이앤씨미디어그룹
1000682,(주)더쿱와이드
1000683,(주)나우콘텐츠
1000684,(주)갤럭시컴퍼니
1000685,마루아트센터(주)
1000686,시네마 뉴원
1000687,(주)드림팩트엔터테인먼트
1000688,(주)제이에이와이이엔터테인먼트
