movie_code,actor_code
1000001,2000446
1000001,2001207
1000001,2001491
1000001,2001037
1000001,2000079
1000001,2001588
1000002,2001543
1000002,2000446
1000002,2001443
1000002,2000174
1000002,2001486
1000003,2000459
1000003,2000718
1000003,2001528
1000003,2000574
1000003,2001674
1000003,2001588
1000004,2001721
1000004,2001346
1000004,2001080
1000004,2000586
1000004,2000224
1000004,2001123
1000005,2001633
1000005,2001514
1000005,2001460
1000005,2000355
1000005,2000166
1000005,2000810
1000006,2001543
1000006,2000140
1000006,2000970
1000006,2001033
1000006,2000292
1000006,2001123
1000007,2001721
1000007,2000277
1000007,2000888
1000007,2001377
1000007,2001271
1000007,2001103
1000008,2000459
1000008,2000178
1000008,2000574
1000008,2001037
1000008,2001057
1000008,2000810
1000009,2001721
1000009,2000953
1000009,2000970
1000009,2000888
1000009,2001274
1000010,2000459
1000010,2001173
1000010,2000816
1000010,2001057
1000010,2000188
1000010,2001123
1000011,2001633
1000011,2001460
1000011,2000355
1000011,2000459
1000011,2000166
1000011,2000063
1000012,2001307
1000012,2001152
1000012,2001633
1000012,2000888
1000012,2001443
1000012,2000490
1000013,2000732
1000013,2001617
1000013,2000970
1000013,2000451
1000013,2000588
1000013,2001588
1000014,2000084
1000014,2001350
1000014,2000459
1000014,2000240
1000014,2000282
1000014,2001067
1000015,2000732
1000015,2001075
1000015,2001420
1000015,2001563
1000015,2000535
1000015,2001123
1000016,2001441
1000016,2000990
1000016,2000062
1000016,2000557
1000016,2000324
1000016,2000849
1000017,2001721
1000017,2000018
1000017,2001080
1000017,2000528
1000017,2000281
1000017,2001103
1000018,2000585
1000018,2000635
1000018,2000831
1000018,2000729
1000018,2000223
1000018,2001103
1000019,2001721
1000019,2001385
1000019,2001274
1000019,2001323
1000019,2000788
1000020,2001686
1000020,2000970
1000020,2001237
1000020,2000414
1000020,2001491
1000020,2001123
1000021,2001060
1000021,2001633
1000021,2000459
1000021,2001312
1000021,2000614
1000021,2001123
1000022,2000152
1000022,2000721
1000022,2000970
1000022,2000272
1000022,2000578
1000022,2001165
1000023,2001686
1000023,2000970
1000023,2000314
1000023,2001271
1000023,2001037
1000024,2000386
1000024,2000814
1000024,2000557
1000024,2000696
1000024,2001721
1000024,2000734
1000025,2000732
1000025,2000084
1000025,2001661
1000025,2001593
1000025,2000865
1000025,2001067
1000026,2001721
1000026,2001345
1000026,2001415
1000026,2000285
1000026,2000436
1000026,2000810
1000027,2000274
1000027,2001633
1000027,2000970
1000027,2000339
1000027,2000600
1000027,2001123
1000028,2001060
1000028,2000018
1000028,2000269
1000028,2000863
1000028,2000888
1000028,2001103
1000029,2001633
1000029,2000609
1000029,2000888
1000029,2000800
1000029,2000404
1000029,2000310
1000030,2001060
1000030,2001418
1000030,2000630
1000030,2001011
1000030,2000373
1000030,2000489
1000031,2000970
1000031,2001171
1000031,2001430
1000031,2001240
1000031,2001446
1000031,2000332
1000032,2000459
1000032,2000974
1000032,2001439
1000032,2001528
1000032,2001250
1000032,2001103
1000033,2000091
1000033,2001721
1000033,2001600
1000033,2001520
1000033,2000374
1000033,2000308
1000034,2001152
1000034,2001057
1000034,2000455
1000034,2001492
1000034,2000578
1000034,2000308
1000035,2001721
1000035,2000712
1000035,2000749
1000035,2001156
1000035,2000240
1000035,2000003
1000036,2000365
1000036,2000881
1000036,2001437
1000036,2000561
1000036,2000305
1000036,2001123
1000037,2000732
1000037,2000953
1000037,2000472
1000037,2001312
1000037,2000354
1000037,2001123
1000038,2001437
1000038,2000402
1000038,2000528
1000038,2000611
1000038,2000865
1000038,2000634
1000039,2000178
1000039,2001486
1000039,2001217
1000039,2000330
1000039,2001278
1000039,2001123
1000040,2000274
1000040,2000630
1000040,2001366
1000040,2001680
1000040,2000223
1000041,2001152
1000041,2001346
1000041,2001312
1000041,2001675
1000041,2000072
1000041,2000810
1000042,2000970
1000042,2001443
1000042,2001073
1000042,2000881
1000042,2000323
1000043,2000721
1000043,2000585
1000043,2000997
1000043,2000436
1000043,2001331
1000043,2000006
1000044,2000049
1000044,2000520
1000044,2000696
1000044,2000582
1000044,2001321
1000044,2000308
1000045,2001437
1000045,2001346
1000045,2000611
1000045,2000250
1000045,2000451
1000045,2001103
1000046,2001443
1000046,2000451
1000046,2000225
1000046,2000586
1000046,2001508
1000046,2000332
1000047,2001441
1000047,2001163
1000047,2001644
1000047,2000787
1000047,2000894
1000048,2001721
1000048,2001080
1000048,2001443
1000048,2001460
1000048,2000373
1000048,2001103
1000049,2000274
1000049,2000018
1000049,2000535
1000049,2000282
1000049,2000726
1000049,2001596
1000050,2001060
1000050,2001080
1000050,2000091
1000050,2001228
1000050,2000234
1000050,2001104
1000051,2000970
1000051,2000451
1000051,2001423
1000051,2000123
1000051,2001199
1000051,2000213
1000052,2000459
1000052,2000207
1000052,2000250
1000052,2001255
1000052,2000597
1000052,2000306
1000053,2001721
1000053,2001152
1000053,2000561
1000053,2000537
1000053,2001584
1000054,2001060
1000054,2000520
1000054,2000516
1000054,2000218
1000054,2000160
1000054,2001123
1000055,2000152
1000055,2000315
1000055,2000258
1000055,2000483
1000055,2000032
1000055,2000810
1000056,2001346
1000056,2000091
1000056,2000129
1000056,2000282
1000056,2001011
1000056,2001123
1000057,2000193
1000057,2000339
1000057,2001633
1000057,2001443
1000057,2000354
1000057,2001588
1000058,2000274
1000058,2001437
1000058,2001680
1000058,2000234
1000058,2001323
1000059,2000018
1000059,2001156
1000059,2000117
1000059,2000188
1000059,2000160
1000059,2000810
1000060,2000451
1000060,2000970
1000060,2001539
1000060,2001415
1000060,2000508
1000060,2001123
1000061,2001335
1000061,2000140
1000061,2000386
1000061,2001439
1000061,2000617
1000061,2001123
1000062,2001553
1000062,2000783
1000062,2000091
1000062,2001207
1000062,2000970
1000062,2001123
1000063,2001686
1000063,2000967
1000063,2000611
1000063,2000528
1000063,2000385
1000063,2001123
1000064,2001458
1000064,2000091
1000064,2000963
1000064,2001134
1000064,2000188
1000064,2001256
1000065,2001060
1000065,2000274
1000065,2000585
1000065,2000065
1000065,2000741
1000065,2001475
1000066,2000365
1000066,2000953
1000066,2001680
1000066,2001423
1000066,2000633
1000066,2001588
1000067,2001350
1000067,2000084
1000067,2000179
1000067,2000080
1000067,2000527
1000067,2001588
1000068,2001686
1000068,2001366
1000068,2001441
1000068,2001440
1000068,2001661
1000069,2000459
1000069,2000178
1000069,2000223
1000069,2000951
1000069,2001544
1000069,2001256
1000070,2000451
1000070,2000967
1000070,2001423
1000070,2000291
1000070,2000188
1000070,2001067
1000071,2001346
1000071,2001057
1000071,2000831
1000071,2000285
1000071,2001107
1000071,2001047
1000072,2000459
1000072,2000561
1000072,2001385
1000072,2000881
1000072,2000062
1000072,2001466
1000073,2001060
1000073,2000992
1000073,2000561
1000073,2000478
1000073,2001537
1000073,2000810
1000074,2000048
1000074,2001537
1000074,2000720
1000074,2000626
1000074,2001324
1000075,2000567
1000075,2000387
1000075,2001043
1000075,2000790
1000075,2000830
1000076,2000156
1000076,2001406
1000076,2000600
1000076,2001563
1000076,2001571
1000076,2000810
1000077,2001075
1000077,2001443
1000077,2000800
1000077,2001323
1000077,2000778
1000077,2001713
1000078,2000107
1000078,2000696
1000078,2001017
1000078,2000663
1000078,2000398
1000078,2000384
1000079,2001686
1000079,2000561
1000079,2001423
1000079,2001303
1000079,2001035
1000079,2000826
1000080,2000386
1000080,2001159
1000080,2000578
1000080,2000882
1000080,2001070
1000080,2001596
1000081,2000171
1000081,2000090
1000081,2000014
1000081,2001347
1000081,2001267
1000081,2001588
1000082,2001159
1000082,2000100
1000082,2001696
1000082,2000676
1000082,2001082
1000082,2000824
1000083,2001643
1000083,2000171
1000083,2001011
1000083,2000032
1000083,2000224
1000083,2001103
1000084,2000970
1000084,2000974
1000084,2000373
1000084,2000929
1000084,2000347
1000084,2001596
1000085,2000516
1000085,2000254
1000085,2000014
1000085,2000059
1000085,2001264
1000085,2001620
1000086,2000269
1000086,2001174
1000086,2000049
1000086,2001336
1000086,2001133
1000086,2000463
1000087,2001441
1000087,2000434
1000087,2000545
1000087,2000133
1000087,2001468
1000087,2000310
1000088,2000274
1000088,2000970
1000088,2000741
1000088,2001151
1000088,2001271
1000088,2001216
1000089,2000446
1000089,2000965
1000089,2001187
1000089,2000225
1000089,2001420
1000089,2000308
1000090,2001080
1000090,2000208
1000090,2001485
1000090,2000094
1000090,2000619
1000090,2001451
1000091,2000937
1000091,2000573
1000091,2000899
1000091,2000480
1000091,2000531
1000091,2000308
1000092,2001508
1000092,2000224
1000092,2001017
1000092,2000110
1000092,2000370
1000092,2001123
1000093,2000688
1000093,2000152
1000093,2000694
1000093,2000888
1000093,2001716
1000093,2001103
1000094,2000049
1000094,2001336
1000094,2001406
1000094,2000218
1000094,2001717
1000094,2001256
1000095,2000712
1000095,2000721
1000095,2000329
1000095,2000075
1000095,2001136
1000095,2000810
1000096,2000732
1000096,2001060
1000096,2001294
1000096,2000152
1000096,2001234
1000096,2000486
1000097,2001443
1000097,2001207
1000097,2001011
1000097,2000032
1000097,2001533
1000097,2001298
1000098,2001080
1000098,2001443
1000098,2000224
1000098,2000305
1000098,2001423
1000098,2001123
1000099,2000107
1000099,2001374
1000099,2001718
1000099,2001141
1000099,2001179
1000099,2000866
1000100,2001346
1000100,2001721
1000100,2001460
1000100,2000091
1000100,2001323
1000100,2001123
1000101,2001346
1000101,2000355
1000101,2001020
1000101,2000882
1000101,2001271
1000101,2000763
1000102,2001482
1000102,2000814
1000102,2000839
1000102,2000906
1000102,2000148
1000102,2000838
1000103,2001152
1000103,2000561
1000103,2001148
1000103,2000967
1000103,2001377
1000103,2001103
1000104,2000269
1000104,2000262
1000104,2000075
1000104,2001217
1000104,2001430
1000104,2000271
1000105,2000058
1000105,2001141
1000105,2001007
1000105,2000533
1000105,2001100
1000105,2001256
1000106,2000176
1000106,2000888
1000106,2000325
1000106,2000194
1000106,2000501
1000106,2001361
1000107,2001610
1000107,2000585
1000107,2001156
1000107,2000550
1000107,2000058
1000107,2001123
1000108,2000561
1000108,2000447
1000108,2001566
1000108,2000929
1000108,2000997
1000108,2001256
1000109,2001345
1000109,2000049
1000109,2000354
1000109,2001037
1000109,2001659
1000109,2001103
1000110,2000018
1000110,2001680
1000110,2001091
1000110,2001037
1000110,2000305
1000110,2001123
1000111,2000107
1000111,2000380
1000111,2000224
1000111,2001675
1000111,2000925
1000111,2000332
1000112,2001159
1000112,2001584
1000112,2000287
1000112,2000115
1000112,2000495
1000112,2001103
1000113,2001056
1000113,2000171
1000113,2001377
1000113,2000323
1000113,2000221
1000113,2001596
1000114,2001721
1000114,2001686
1000114,2000014
1000114,2001105
1000114,2001363
1000114,2000733
1000115,2000729
1000115,2000459
1000115,2001531
1000115,2000520
1000115,2001348
1000115,2000308
1000116,2000721
1000116,2001686
1000116,2000208
1000116,2001271
1000116,2001253
1000116,2000810
1000117,2000365
1000117,2000459
1000117,2000357
1000117,2000266
1000117,2000094
1000117,2001188
1000118,2001633
1000118,2000872
1000118,2000696
1000118,2001517
1000118,2000482
1000119,2000781
1000119,2001441
1000119,2000996
1000119,2000436
1000119,2001295
1000119,2000767
1000120,2001080
1000120,2001228
1000120,2000082
1000120,2000574
1000120,2001020
1000120,2001188
1000121,2001543
1000121,2001643
1000121,2000775
1000121,2000373
1000121,2001680
1000121,2001104
1000122,2001494
1000122,2000528
1000122,2000436
1000122,2001094
1000122,2001173
1000123,2000732
1000123,2001441
1000123,2000609
1000123,2000234
1000123,2000158
1000123,2001103
1000124,2000436
1000124,2000079
1000124,2000882
1000124,2000514
1000124,2001274
1000124,2001123
1000125,2000952
1000125,2001440
1000125,2000075
1000125,2000436
1000125,2000771
1000125,2001123
1000126,2001668
1000126,2000158
1000126,2001213
1000126,2000302
1000126,2000964
1000126,2001103
1000127,2000451
1000127,2000269
1000127,2000339
1000127,2000712
1000127,2000881
1000127,2001123
1000128,2000953
1000128,2000545
1000128,2001297
1000128,2001218
1000128,2000914
1000128,2001588
1000129,2001721
1000129,2000290
1000129,2001132
1000129,2000443
1000129,2001367
1000129,2001123
1000130,2000611
1000130,2000696
1000130,2001271
1000130,2000370
1000130,2001436
1000130,2001256
1000131,2000090
1000131,2000451
1000131,2001441
1000131,2000881
1000131,2001312
1000132,2001102
1000132,2000485
1000132,2001073
1000132,2001371
1000132,2000395
1000132,2000799
1000133,2000696
1000133,2001636
1000133,2000380
1000133,2000537
1000133,2000293
1000133,2000810
1000134,2001346
1000134,2000091
1000134,2000954
1000134,2000847
1000134,2000800
1000134,2000002
1000135,2000037
1000135,2000076
1000135,2000238
1000135,2000270
1000135,2000335
1000136,2001721
1000136,2001667
1000136,2000401
1000136,2000091
1000136,2001323
1000136,2001123
1000137,2000635
1000137,2000178
1000137,2000380
1000137,2000508
1000137,2001167
1000137,2001270
1000138,2001633
1000138,2001075
1000138,2001395
1000138,2001598
1000138,2000464
1000138,2000417
1000139,2000068
1000139,2001091
1000139,2000592
1000139,2001450
1000139,2000305
1000139,2001596
1000140,2001159
1000140,2001423
1000140,2000809
1000140,2001236
1000140,2000741
1000140,2001475
1000141,2001350
1000141,2001075
1000141,2000146
1000141,2001557
1000141,2000317
1000141,2000141
1000142,2000451
1000142,2000339
1000142,2000269
1000142,2001207
1000142,2000881
1000143,2000436
1000143,2001079
1000143,2000981
1000143,2000760
1000143,2000882
1000143,2000141
1000144,2001345
1000144,2000274
1000144,2001668
1000144,2000379
1000144,2001285
1000144,2000122
1000145,2001543
1000145,2001323
1000145,2000208
1000145,2000701
1000145,2000895
1000145,2001123
1000146,2000970
1000146,2000378
1000146,2001512
1000146,2001491
1000146,2001644
1000146,2000027
1000147,2000585
1000147,2001011
1000147,2000954
1000147,2000552
1000147,2000453
1000147,2000308
1000148,2001686
1000148,2001257
1000148,2001423
1000148,2001323
1000148,2001076
1000148,2000141
1000149,2000520
1000149,2000831
1000149,2000925
1000149,2000573
1000149,2001376
1000149,2000866
1000150,2000436
1000150,2000178
1000150,2000386
1000150,2000973
1000150,2000741
1000150,2001263
1000151,2000090
1000151,2000263
1000151,2000227
1000151,2001410
1000151,2001008
1000151,2001475
1000152,2001075
1000152,2000839
1000152,2000380
1000152,2001461
1000152,2001271
1000152,2000810
1000153,2000732
1000153,2000018
1000153,2000609
1000153,2001180
1000153,2001167
1000153,2001596
1000154,2000049
1000154,2001668
1000154,2001017
1000154,2000107
1000154,2000227
1000154,2000498
1000155,2000729
1000155,2000863
1000155,2001400
1000155,2001197
1000155,2000410
1000155,2000308
1000156,2000018
1000156,2000757
1000156,2001414
1000156,2000631
1000156,2001080
1000156,2000139
1000157,2000434
1000157,2001252
1000157,2000592
1000157,2000906
1000157,2000192
1000157,2000439
1000158,2000365
1000158,2000140
1000158,2000865
1000158,2000515
1000158,2000058
1000158,2000036
1000159,2000339
1000159,2000451
1000159,2000476
1000159,2001488
1000159,2001292
1000160,2000806
1000160,2001017
1000160,2001091
1000160,2000578
1000160,2000117
1000160,2000810
1000161,2000635
1000161,2000809
1000161,2001115
1000161,2000979
1000161,2000547
1000161,2001047
1000162,2000379
1000162,2000068
1000162,2000273
1000162,2000355
1000162,2000953
1000162,2001588
1000163,2001161
1000163,2001084
1000163,2000254
1000163,2000117
1000163,2000380
1000163,2000523
1000164,2000459
1000164,2001037
1000164,2001207
1000164,2001423
1000164,2000741
1000164,2000449
1000165,2001159
1000165,2000224
1000165,2000501
1000165,2000067
1000165,2000410
1000166,2000018
1000166,2000282
1000166,2001668
1000166,2000224
1000166,2000158
1000166,2001477
1000167,2000739
1000167,2001240
1000167,2001420
1000167,2000920
1000167,2000588
1000167,2000308
1000168,2000862
1000168,2000528
1000168,2001067
1000168,2000617
1000168,2001076
1000168,2000733
1000169,2001182
1000169,2001398
1000169,2001530
1000169,2000869
1000169,2001699
1000170,2001257
1000170,2000176
1000170,2000600
1000170,2001161
1000170,2001625
1000170,2001123
1000171,2001633
1000171,2000152
1000171,2001676
1000171,2000247
1000171,2000528
1000171,2001596
1000172,2000446
1000172,2000881
1000172,2000533
1000172,2000921
1000172,2000812
1000172,2000488
1000173,2000520
1000173,2000819
1000173,2000305
1000173,2000075
1000173,2001338
1000173,2001588
1000174,2000206
1000174,2000131
1000174,2000379
1000174,2001184
1000174,2000676
1000174,2000004
1000175,2000049
1000175,2000178
1000175,2000475
1000175,2000389
1000175,2000398
1000175,2001103
1000176,2001543
1000176,2000091
1000176,2000814
1000176,2000476
1000176,2000436
1000177,2000814
1000177,2001102
1000177,2000206
1000177,2000877
1000177,2000022
1000177,2001123
1000178,2000881
1000178,2000588
1000178,2001681
1000178,2000780
1000178,2000605
1000178,2000810
1000179,2000140
1000179,2001385
1000179,2000586
1000179,2000143
1000179,2001351
1000179,2000810
1000180,2000839
1000180,2000029
1000180,2000546
1000180,2000227
1000180,2001303
1000180,2000810
1000181,2001508
1000181,2000864
1000181,2000586
1000181,2000366
1000181,2000820
1000181,2001588
1000182,2000176
1000182,2000208
1000182,2000696
1000182,2000258
1000182,2000355
1000182,2001588
1000183,2000688
1000183,2001294
1000183,2000200
1000183,2001002
1000183,2000242
1000183,2001067
1000184,2001633
1000184,2001460
1000184,2001249
1000184,2000281
1000184,2000305
1000184,2001596
1000185,2000265
1000185,2000806
1000185,2000702
1000185,2000216
1000185,2001433
1000185,2000733
1000186,2001232
1000186,2001441
1000186,2001187
1000186,2001377
1000186,2001022
1000186,2000710
1000187,2001080
1000187,2000806
1000187,2000753
1000187,2001115
1000187,2001271
1000187,2001587
1000188,2000688
1000188,2001443
1000188,2001680
1000188,2001491
1000188,2000204
1000188,2001123
1000189,2001633
1000189,2001234
1000189,2000611
1000189,2000208
1000189,2000915
1000189,2000430
1000190,2000459
1000190,2000115
1000190,2001651
1000190,2001555
1000190,2000916
1000190,2000419
1000191,2000274
1000191,2000635
1000191,2001516
1000191,2000208
1000191,2000371
1000191,2001475
1000192,2000718
1000192,2000170
1000192,2000229
1000192,2001693
1000192,2001533
1000193,2000171
1000193,2000932
1000193,2001491
1000193,2001528
1000193,2001539
1000193,2001114
1000194,2001423
1000194,2001482
1000194,2001148
1000194,2001485
1000194,2000328
1000194,2001256
1000195,2000176
1000195,2000635
1000195,2000963
1000195,2000809
1000195,2001434
1000195,2001123
1000196,2001152
1000196,2000806
1000196,2001080
1000196,2000638
1000196,2000282
1000196,2001123
1000197,2001460
1000197,2000131
1000197,2001524
1000197,2001240
1000197,2001134
1000198,2000863
1000198,2000090
1000198,2000674
1000198,2000126
1000198,2000586
1000198,2001123
1000199,2000049
1000199,2000561
1000199,2000287
1000199,2001583
1000199,2000295
1000199,2001475
1000200,2000171
1000200,2001161
1000200,2001331
1000200,2000514
1000200,2001070
1000200,2000298
1000201,2001514
1000201,2000400
1000201,2000888
1000201,2000075
1000201,2001485
1000201,2000823
1000202,2000035
1000202,2001067
1000202,2001579
1000202,2001468
1000202,2000305
1000202,2000435
1000203,2000501
1000203,2000992
1000203,2001443
1000203,2001661
1000203,2000299
1000203,2001476
1000204,2001075
1000204,2000140
1000204,2001285
1000204,2001236
1000204,2001569
1000204,2001597
1000205,2000007
1000205,2000010
1000206,2000436
1000206,2000178
1000206,2000973
1000206,2000676
1000206,2000576
1000206,2000870
1000207,2000140
1000207,2000406
1000207,2001393
1000207,2000890
1000207,2000525
1000207,2001700
1000208,2000970
1000208,2001458
1000208,2001134
1000208,2000454
1000208,2001173
1000209,2001234
1000209,2001372
1000209,2001038
1000209,2000068
1000209,2001228
1000209,2000141
1000210,2000974
1000210,2000550
1000210,2001240
1000210,2000574
1000210,2000951
1000210,2001123
1000211,2000732
1000211,2000585
1000211,2001296
1000211,2000320
1000211,2001500
1000211,2001047
1000212,2000809
1000212,2000620
1000212,2001680
1000212,2001693
1000212,2001615
1000212,2001263
1000213,2001366
1000213,2001080
1000213,2000671
1000213,2000158
1000213,2000356
1000213,2001123
1000214,2001508
1000214,2000965
1000214,2000285
1000214,2000404
1000214,2000778
1000214,2001103
1000215,2000688
1000215,2001234
1000215,2000380
1000215,2001312
1000215,2001011
1000215,2000449
1000216,2000446
1000216,2000814
1000216,2000561
1000216,2000188
1000216,2001350
1000216,2001104
1000217,2001693
1000217,2000409
1000217,2000190
1000217,2001344
1000217,2001389
1000217,2001588
1000218,2001443
1000218,2001080
1000218,2000178
1000218,2000935
1000218,2000188
1000218,2001588
1000219,2001633
1000219,2001636
1000219,2000396
1000219,2000405
1000219,2001310
1000219,2001103
1000220,2000862
1000220,2000739
1000220,2000208
1000220,2000436
1000220,2000661
1000220,2000026
1000221,2000149
1000221,2000930
1000221,2001554
1000221,2000939
1000221,2000958
1000222,2000712
1000222,2000277
1000222,2000385
1000222,2001527
1000222,2000589
1000222,2001596
1000223,2000688
1000223,2001075
1000223,2000963
1000223,2001423
1000223,2000557
1000223,2001123
1000224,2001443
1000224,2000224
1000224,2000258
1000224,2001001
1000224,2001214
1000224,2001103
1000225,2001449
1000225,2000859
1000225,2000260
1000225,2000337
1000225,2000792
1000226,2000018
1000226,2001668
1000226,2001346
1000226,2000178
1000226,2001651
1000226,2001123
1000227,2000206
1000227,2000224
1000227,2000528
1000227,2001439
1000227,2000282
1000227,2001103
1000228,2000688
1000228,2001207
1000228,2000535
1000228,2000584
1000228,2000676
1000228,2001597
1000229,2001075
1000229,2001460
1000229,2000380
1000229,2000475
1000229,2000884
1000230,2000220
1000230,2000046
1000230,2000131
1000230,2000067
1000230,2001679
1000230,2001123
1000231,2001443
1000231,2001563
1000231,2000600
1000231,2000115
1000231,2000508
1000231,2000779
1000232,2000561
1000232,2001080
1000232,2001237
1000232,2001093
1000232,2000134
1000232,2000817
1000233,2000839
1000233,2001111
1000233,2001378
1000233,2000348
1000233,2001315
1000233,2001103
1000234,2001045
1000234,2001576
1000234,2000314
1000234,2000953
1000234,2000049
1000234,2000308
1000235,2001441
1000235,2001075
1000235,2000963
1000235,2000929
1000235,2001130
1000236,2001474
1000236,2000884
1000236,2000248
1000236,2000311
1000236,2001328
1000237,2001182
1000237,2000267
1000237,2000859
1000237,2001695
1000237,2000861
1000238,2000970
1000238,2000188
1000238,2001079
1000238,2000386
1000238,2000696
1000238,2000384
1000239,2000446
1000239,2001080
1000239,2001520
1000239,2001171
1000239,2000101
1000239,2000308
1000240,2000585
1000240,2000759
1000240,2000997
1000240,2000436
1000240,2001187
1000240,2000449
1000241,2001152
1000241,2000872
1000241,2000178
1000241,2000174
1000241,2000552
1000241,2001103
1000242,2001074
1000242,2001046
1000242,2001669
1000242,2001699
1000242,2001327
1000243,2001643
1000243,2000065
1000243,2000545
1000243,2000954
1000243,2000459
1000243,2001067
1000244,2001306
1000244,2000718
1000244,2000080
1000244,2000244
1000244,2000615
1000244,2000652
1000245,2000176
1000245,2000285
1000245,2001692
1000245,2001563
1000245,2001011
1000245,2000308
1000246,2001603
1000246,2001467
1000246,2001622
1000246,2000765
1000247,2000967
1000247,2001156
1000247,2001026
1000247,2001335
1000247,2000117
1000247,2000639
1000248,2000688
1000248,2001257
1000248,2000379
1000248,2000762
1000248,2001706
1000248,2000111
1000249,2001661
1000249,2000247
1000249,2001228
1000249,2000110
1000249,2000627
1000249,2000449
1000250,2001074
1000250,2001046
1000250,2000360
1000250,2001699
1000250,2001327
1000251,2001610
1000251,2000761
1000251,2000515
1000251,2001350
1000251,2001563
1000251,2001588
1000252,2000881
1000252,2000483
1000252,2000258
1000252,2000131
1000252,2000423
1000252,2001519
1000253,2000862
1000253,2000476
1000253,2001406
1000253,2001011
1000253,2001080
1000253,2000650
1000254,2000459
1000254,2001316
1000254,2000887
1000254,2001545
1000254,2000448
1000254,2001123
1000255,2001294
1000255,2001346
1000255,2000611
1000255,2000992
1000255,2001323
1000255,2001123
1000256,2000759
1000256,2000888
1000256,2000901
1000256,2001632
1000256,2000244
1000256,2000684
1000257,2000446
1000257,2001491
1000257,2001015
1000257,2000441
1000257,2001103
1000257,2001526
1000258,2000814
1000258,2000997
1000258,2000227
1000258,2000911
1000258,2001384
1000258,2001049
1000259,2001443
1000259,2000729
1000259,2000600
1000259,2000075
1000259,2000244
1000259,2000810
1000260,2000446
1000260,2000887
1000260,2000380
1000260,2001134
1000260,2000701
1000260,2000810
1000261,2000485
1000261,2000954
1000261,2001439
1000261,2000510
1000261,2001064
1000261,2000798
1000262,2001119
1000262,2000963
1000262,2000586
1000262,2001128
1000262,2001674
1000262,2001588
1000263,2001080
1000263,2000216
1000263,2000617
1000263,2000588
1000263,2000421
1000263,2001689
1000264,2000997
1000264,2001336
1000264,2001144
1000264,2000775
1000264,2001042
1000264,2000036
1000265,2001543
1000265,2000170
1000265,2000586
1000265,2000514
1000265,2001429
1000265,2001123
1000266,2000354
1000266,2000781
1000266,2000014
1000266,2001715
1000266,2001501
1000267,2000831
1000267,2001443
1000267,2001651
1000267,2000115
1000267,2000514
1000267,2001188
1000268,2000688
1000268,2000423
1000268,2000514
1000268,2001446
1000268,2001545
1000268,2001123
1000269,2001257
1000269,2000193
1000269,2000642
1000269,2000380
1000269,2000319
1000269,2001499
1000270,2000309
1000270,2001145
1000270,2000350
1000270,2000623
1000270,2000042
1000271,2000753
1000271,2000178
1000271,2000884
1000271,2001548
1000271,2000513
1000271,2001123
1000272,2000668
1000272,2001258
1000272,2000696
1000272,2000594
1000272,2001336
1000273,2001366
1000273,2001485
1000273,2000453
1000273,2000975
1000273,2000968
1000273,2001256
1000274,2001441
1000274,2001044
1000274,2001206
1000274,2000158
1000274,2000282
1000274,2001103
1000275,2000872
1000275,2001436
1000275,2000368
1000275,2000390
1000275,2000616
1000275,2001123
1000276,2001051
1000276,2000528
1000276,2001203
1000276,2000303
1000276,2001394
1000276,2000449
1000277,2000688
1000277,2000872
1000277,2001011
1000277,2001359
1000277,2001335
1000277,2001165
1000278,2000018
1000278,2001040
1000278,2001044
1000278,2001218
1000278,2001611
1000278,2001588
1000279,2000953
1000279,2000876
1000279,2001306
1000279,2000238
1000279,2001554
1000279,2001047
1000280,2000952
1000280,2000067
1000280,2001011
1000280,2001430
1000280,2000091
1000280,2001103
1000281,2001182
1000281,2000267
1000281,2000859
1000281,2001398
1000281,2000654
1000281,2000469
1000282,2001692
1000282,2000533
1000282,2001154
1000282,2001419
1000282,2001685
1000282,2000640
1000283,2001366
1000283,2001661
1000283,2001253
1000283,2000324
1000283,2001461
1000283,2001422
1000284,2000584
1000284,2000664
1000284,2000208
1000284,2000281
1000284,2000637
1000284,2000142
1000285,2000091
1000285,2000158
1000285,2000380
1000285,2000208
1000285,2000788
1000286,2001182
1000286,2000267
1000286,2000859
1000286,2000654
1000286,2001695
1000287,2001458
1000287,2000689
1000287,2000838
1000287,2000532
1000287,2000227
1000287,2001256
1000288,2000688
1000288,2000965
1000288,2001485
1000288,2001675
1000288,2000882
1000288,2001104
1000289,2000600
1000289,2000436
1000289,2000224
1000289,2000742
1000289,2001061
1000290,2001074
1000290,2001046
1000290,2000360
1000290,2001699
1000290,2001327
1000291,2000535
1000291,2000738
1000291,2000282
1000291,2001386
1000291,2000877
1000291,2001188
1000292,2001051
1000292,2000140
1000292,2000172
1000292,2000829
1000292,2000202
1000292,2001067
1000293,2000260
1000293,2000337
1000293,2000792
1000293,2001449
1000293,2000859
1000294,2000239
1000294,2001323
1000294,2000299
1000294,2000568
1000294,2001200
1000295,2000254
1000295,2001076
1000295,2000889
1000295,2000678
1000295,2001545
1000295,2000487
1000296,2000809
1000296,2000224
1000296,2001231
1000296,2001245
1000296,2001167
1000297,2001080
1000297,2000402
1000297,2000501
1000297,2001323
1000297,2000997
1000297,2001188
1000298,2001257
1000298,2000446
1000298,2000738
1000298,2000058
1000298,2000483
1000298,2000822
1000299,2000018
1000299,2000797
1000299,2001226
1000299,2000380
1000299,2000117
1000299,2000733
1000300,2000561
1000300,2000140
1000300,2001282
1000300,2001319
1000300,2000807
1000300,2001103
1000301,2001543
1000301,2000545
1000301,2000451
1000301,2001207
1000301,2001093
1000301,2000308
1000302,2000459
1000302,2000209
1000302,2001253
1000302,2001066
1000302,2000784
1000302,2001123
1000303,2000107
1000303,2000906
1000303,2001052
1000303,2000537
1000303,2000317
1000303,2001123
1000304,2001345
1000304,2000129
1000304,2001539
1000304,2001471
1000304,2000353
1000304,2001596
1000305,2001491
1000305,2000701
1000305,2000075
1000305,2000887
1000305,2001259
1000305,2001690
1000306,2001035
1000306,2001232
1000306,2001091
1000306,2001285
1000306,2000324
1000306,2001123
1000307,2000459
1000307,2000254
1000307,2001134
1000307,2001528
1000307,2001461
1000307,2000332
1000308,2001345
1000308,2000888
1000308,2000380
1000308,2000196
1000308,2001450
1000309,2000806
1000309,2001283
1000309,2000050
1000309,2000049
1000309,2000717
1000309,2001596
1000310,2001346
1000310,2001091
1000310,2000536
1000310,2000380
1000310,2000153
1000310,2001067
1000311,2001430
1000311,2000311
1000311,2001674
1000311,2001358
1000311,2001591
1000312,2000049
1000312,2001520
1000312,2001077
1000312,2000034
1000312,2001239
1000312,2000332
1000313,2000084
1000313,2000515
1000313,2001423
1000313,2000514
1000313,2001271
1000313,2001588
1000314,2000992
1000314,2000140
1000314,2000380
1000314,2000497
1000314,2000451
1000314,2000310
1000315,2001492
1000315,2001709
1000315,2000281
1000315,2000800
1000315,2001301
1000316,2000953
1000316,2000963
1000316,2000479
1000316,2001009
1000316,2001444
1000317,2000049
1000317,2000232
1000317,2000299
1000317,2001666
1000317,2000504
1000318,2001074
1000318,2001046
1000318,2001669
1000318,2001699
1000318,2001327
1000319,2001080
1000319,2001228
1000319,2001207
1000319,2000272
1000319,2001517
1000320,2000992
1000320,2000970
1000320,2000277
1000320,2001335
1000320,2000216
1000320,2000653
1000321,2000578
1000321,2000145
1000321,2000994
1000321,2000601
1000321,2000949
1000321,2001103
1000322,2001346
1000322,2000349
1000322,2000611
1000322,2001271
1000322,2001435
1000322,2001048
1000323,2001345
1000323,2000314
1000323,2001377
1000323,2001385
1000323,2000272
1000323,2000181
1000324,2000386
1000324,2000240
1000324,2000059
1000324,2001246
1000324,2000023
1000324,2000308
1000325,2001060
1000325,2001294
1000325,2000140
1000325,2001465
1000325,2001011
1000325,2000047
1000326,2000243
1000326,2001080
1000326,2000696
1000326,2001578
1000326,2000648
1000326,2000444
1000327,2000068
1000327,2000528
1000327,2000282
1000327,2000453
1000327,2001195
1000328,2000630
1000328,2000696
1000328,2001524
1000328,2000620
1000328,2001400
1000328,2001683
1000329,2001234
1000329,2001486
1000329,2000514
1000329,2001037
1000329,2000218
1000329,2001103
1000330,2001074
1000330,2001046
1000330,2001669
1000330,2001699
1000330,2001327
1000331,2001595
1000331,2000643
1000331,2000455
1000331,2000766
1000332,2001294
1000332,2000152
1000332,2000528
1000332,2000091
1000332,2000188
1000332,2000733
1000333,2001460
1000333,2001469
1000333,2001017
1000333,2001227
1000333,2000121
1000333,2001103
1000334,2000989
1000334,2000831
1000334,2000973
1000334,2001041
1000334,2001224
1000334,2001123
1000335,2000957
1000335,2001283
1000335,2000526
1000335,2000889
1000335,2000318
1000335,2001256
1000336,2000212
1000336,2000666
1000336,2000861
1000336,2001334
1000336,2000843
1000337,2001595
1000337,2000697
1000337,2001063
1000337,2000461
1000338,2000664
1000338,2000131
1000338,2000704
1000338,2000518
1000338,2000615
1000338,2000306
1000339,2000688
1000339,2000635
1000339,2001151
1000339,2000492
1000339,2001507
1000339,2001104
1000340,2000732
1000340,2001232
1000340,2000906
1000340,2001303
1000340,2001337
1000340,2001122
1000341,2000729
1000341,2001283
1000341,2000436
1000341,2000208
1000341,2001323
1000341,2001103
1000342,2000688
1000342,2000585
1000342,2000997
1000342,2001059
1000342,2000454
1000342,2001123
1000343,2000005
1000343,2000764
1000343,2001397
1000344,2000974
1000344,2000970
1000344,2000265
1000344,2001011
1000344,2000282
1000344,2000733
1000345,2001443
1000345,2000739
1000345,2001323
1000345,2001377
1000345,2000800
1000345,2001641
1000346,2000528
1000346,2001542
1000346,2000888
1000346,2000882
1000346,2000997
1000346,2001155
1000347,2001051
1000347,2000872
1000347,2000957
1000347,2000299
1000347,2000505
1000347,2001123
1000348,2000065
1000348,2000314
1000348,2000475
1000348,2000528
1000348,2001251
1000348,2000308
1000349,2000386
1000349,2001228
1000349,2001565
1000349,2000571
1000349,2001297
1000349,2001047
1000350,2000863
1000350,2000516
1000350,2000535
1000350,2000083
1000350,2001454
1000351,2001508
1000351,2000906
1000351,2001091
1000351,2000741
1000351,2000281
1000352,2000274
1000352,2001102
1000352,2000225
1000352,2000050
1000352,2000540
1000352,2000866
1000353,2001060
1000353,2000090
1000353,2000833
1000353,2000856
1000353,2001263
1000353,2000278
1000354,2000806
1000354,2000423
1000354,2000163
1000354,2000305
1000354,2000540
1000354,2000810
1000355,2000005
1000355,2000764
1000355,2001397
1000356,2000732
1000356,2000561
1000356,2000508
1000356,2001274
1000356,2001053
1000356,2001270
1000357,2001244
1000357,2001531
1000357,2001253
1000357,2001011
1000357,2001238
1000357,2001160
1000358,2000974
1000358,2001651
1000358,2000514
1000358,2000596
1000358,2001410
1000358,2001123
1000359,2001514
1000359,2000273
1000359,2000677
1000359,2001239
1000359,2000279
1000359,2001588
1000360,2000379
1000360,2000354
1000360,2000884
1000360,2000478
1000360,2001127
1000360,2001270
1000361,2000171
1000361,2000354
1000361,2000696
1000361,2001312
1000361,2001271
1000361,2001114
1000362,2001696
1000362,2000749
1000362,2000361
1000362,2001362
1000362,2000948
1000362,2001123
1000363,2000881
1000363,2000234
1000363,2000370
1000363,2000534
1000363,2000274
1000363,2000308
1000364,2000809
1000364,2001172
1000364,2000562
1000364,2000588
1000364,2001513
1000364,2000345
1000365,2000445
1000365,2000163
1000365,2000839
1000365,2001293
1000365,2001296
1000365,2000733
1000366,2000974
1000366,2000074
1000366,2000906
1000366,2001400
1000366,2001723
1000366,2001499
1000367,2000045
1000367,2000740
1000367,2000897
1000367,2001086
1000367,2001624
1000368,2001465
1000368,2001336
1000368,2001528
1000368,2000885
1000368,2000079
1000368,2001034
1000369,2001101
1000369,2001376
1000369,2001253
1000369,2000698
1000369,2001507
1000369,2001287
1000370,2001294
1000370,2001482
1000370,2001240
1000370,2000320
1000370,2000305
1000371,2000476
1000371,2000591
1000371,2000627
1000371,2000179
1000371,2000973
1000371,2000810
1000372,2000861
1000372,2000556
1000372,2000031
1000372,2001695
1000372,2000358
1000373,2000445
1000373,2001410
1000373,2001095
1000373,2001705
1000373,2001412
1000373,2000141
1000374,2001443
1000374,2000379
1000374,2001093
1000374,2000594
1000374,2001295
1000374,2001588
1000375,2001075
1000375,2001300
1000375,2000586
1000375,2000741
1000375,2000514
1000375,2001123
1000376,2000446
1000376,2000614
1000376,2000738
1000376,2001037
1000376,2000839
1000376,2000308
1000377,2000156
1000377,2001300
1000377,2000636
1000377,2001290
1000377,2000580
1000377,2001103
1000378,2001661
1000378,2001035
1000378,2000049
1000378,2000990
1000378,2000932
1000378,2000150
1000379,2001182
1000380,2000365
1000380,2001151
1000380,2000410
1000380,2000218
1000380,2001066
1000381,2000869
1000381,2001350
1000381,2000360
1000381,2000859
1000381,2001575
1000382,2001460
1000382,2000528
1000382,2001552
1000382,2000053
1000382,2001028
1000382,2000651
1000383,2001621
1000383,2001605
1000383,2000942
1000384,2000459
1000384,2001445
1000384,2000181
1000384,2001472
1000384,2000030
1000384,2001123
1000385,2001366
1000385,2000152
1000385,2000863
1000385,2001093
1000385,2001314
1000385,2000026
1000386,2000721
1000386,2000314
1000386,2000237
1000386,2001566
1000386,2000805
1000386,2000564
1000387,2001074
1000388,2000711
1000388,2000183
1000388,2000253
1000388,2000340
1000388,2001586
1000389,2000365
1000389,2001075
1000389,2001228
1000389,2001539
1000389,2000185
1000389,2001103
1000390,2001661
1000390,2000402
1000390,2001681
1000390,2000549
1000390,2001410
1000390,2000332
1000391,2000587
1000391,2000901
1000391,2000503
1000391,2000961
1000391,2000907
1000391,2001475
1000392,2000544
1000392,2001051
1000392,2001038
1000392,2000511
1000392,2000559
1000392,2000004
1000393,2001207
1000393,2001075
1000393,2000079
1000393,2000615
1000393,2000848
1000393,2001588
1000394,2000152
1000394,2001520
1000394,2001333
1000394,2001251
1000394,2000599
1000394,2000332
1000395,2000954
1000395,2001514
1000395,2001360
1000395,2000576
1000395,2001614
1000395,2000603
1000396,2001107
1000396,2000533
1000396,2001173
1000396,2001579
1000396,2001220
1000396,2000141
1000397,2000206
1000397,2000265
1000397,2001539
1000397,2001528
1000397,2000196
1000397,2000956
1000398,2000035
1000398,2001635
1000398,2001708
1000398,2001535
1000398,2000411
1000398,2000308
1000399,2000676
1000399,2001404
1000399,2001247
1000399,2000842
1000399,2000602
1000399,2001475
1000400,2000372
1000400,2000934
1000400,2001170
1000400,2001140
1000401,2001443
1000401,2000613
1000401,2001384
1000401,2001506
1000401,2001076
1000401,2001588
1000402,2001294
1000402,2000084
1000402,2000514
1000402,2001043
1000402,2000405
1000402,2000308
1000403,2001520
1000403,2001222
1000403,2000806
1000403,2001500
1000403,2000573
1000404,2000539
1000404,2000165
1000404,2000986
1000404,2000577
1000404,2000543
1000405,2000423
1000405,2000235
1000405,2000878
1000405,2001026
1000405,2001452
1000405,2000078
1000406,2001037
1000406,2000946
1000406,2001538
1000406,2001168
1000406,2000066
1000406,2001475
1000407,2001283
1000407,2000357
1000407,2001323
1000407,2001023
1000407,2000734
1000408,2001005
1000408,2000941
1000408,2000239
1000408,2001606
1000408,2001373
1000408,2000120
1000409,2001080
1000409,2000963
1000409,2001312
1000409,2001531
1000409,2000371
1000409,2000810
1000410,2000212
1000410,2001138
1000410,2000280
1000410,2001309
1000410,2001182
1000411,2001643
1000411,2000688
1000411,2001520
1000411,2000951
1000411,2001685
1000411,2001185
1000412,2000131
1000412,2000959
1000412,2000954
1000412,2001116
1000412,2001037
1000412,2000457
1000413,2000981
1000413,2000738
1000413,2001112
1000413,2001723
1000413,2000322
1000414,2000861
1000414,2000556
1000414,2000031
1000414,2001695
1000414,2000358
1000415,2000863
1000415,2001375
1000415,2001325
1000415,2000285
1000415,2000059
1000415,2000810
1000416,2000434
1000416,2000535
1000416,2000578
1000416,2001173
1000416,2000879
1000417,2000206
1000417,2001076
1000417,2000973
1000417,2000663
1000417,2001284
1000417,2000036
1000418,2000107
1000418,2001156
1000418,2001162
1000418,2000696
1000418,2001331
1000418,2001099
1000419,2000738
1000419,2000946
1000419,2001284
1000419,2000893
1000419,2001384
1000419,2001256
1000420,2001376
1000420,2000029
1000420,2001057
1000420,2000380
1000420,2000075
1000420,2000141
1000421,2000062
1000421,2000224
1000421,2000946
1000421,2000578
1000421,2000381
1000421,2001588
1000422,2000008
1000422,2000888
1000422,2000997
1000422,2001011
1000422,2001485
1000422,2000069
1000423,2001346
1000423,2000152
1000423,2000320
1000423,2000528
1000423,2000553
1000423,2000138
1000424,2001173
1000424,2000243
1000424,2000064
1000424,2000969
1000424,2000405
1000425,2001134
1000425,2000380
1000425,2000913
1000425,2001210
1000425,2000156
1000426,2000668
1000426,2001098
1000426,2001007
1000426,2000951
1000426,2001615
1000427,2000473
1000427,2001546
1000427,2001308
1000427,2001146
1000427,2000249
1000428,2000206
1000428,2000483
1000428,2001532
1000428,2001518
1000428,2001439
1000428,2001645
1000429,2001420
1000429,2001601
1000429,2000342
1000429,2000201
1000429,2000436
1000429,2000308
1000430,2000035
1000430,2001664
1000430,2001439
1000430,2000095
1000430,2000182
1000431,2000212
1000431,2001207
1000431,2000115
1000431,2000244
1000431,2000792
1000432,2001232
1000432,2000954
1000432,2001011
1000432,2000578
1000432,2000428
1000432,2000875
1000433,2001283
1000433,2001409
1000433,2000685
1000433,2001031
1000433,2000424
1000433,2001616
1000434,2001629
1000434,2000773
1000434,2001215
1000434,2000408
1000434,2000902
1000434,2000426
1000435,2001354
1000435,2001081
1000435,2001567
1000435,2000803
1000435,2001349
1000436,2001462
1000436,2000641
1000436,2000844
1000436,2000160
1000436,2000363
1000436,2000418
1000437,2000869
1000437,2000260
1000437,2001390
1000437,2001350
1000437,2000859
1000438,2000528
1000438,2000094
1000438,2000973
1000438,2001351
1000438,2000596
1000438,2000141
1000439,2000447
1000439,2000074
1000439,2000453
1000439,2000314
1000439,2000828
1000439,2000823
1000440,2001316
1000440,2001350
1000440,2000209
1000440,2001533
1000440,2001400
1000440,2001287
1000441,2001318
1000442,2001572
1000442,2000861
1000442,2001027
1000442,2000931
1000442,2001369
1000443,2001244
1000443,2000089
1000443,2001331
1000443,2000015
1000443,2000313
1000443,2000147
1000444,2000277
1000444,2000917
1000444,2001439
1000444,2000519
1000444,2000069
1000444,2001103
1000445,2001576
1000445,2001132
1000445,2000497
1000445,2001623
1000445,2001627
1000446,2000224
1000446,2000946
1000446,2001524
1000446,2001511
1000446,2000364
1000446,2001719
1000447,2001488
1000447,2000937
1000447,2000598
1000447,2000125
1000447,2000368
1000447,2000815
1000448,2000473
1000448,2001390
1000448,2001582
1000448,2000256
1000448,2001302
1000449,2000749
1000449,2001228
1000449,2000117
1000449,2000574
1000449,2001450
1000450,2000781
1000450,2001134
1000450,2001020
1000450,2001455
1000450,2000913
1000450,2000416
1000451,2000664
1000451,2001491
1000451,2001478
1000451,2001509
1000451,2001438
1000451,2000422
1000452,2000862
1000452,2000738
1000452,2000494
1000452,2000717
1000452,2000293
1000452,2000523
1000453,2000861
1000453,2000859
1000453,2001308
1000454,2000730
1000454,2001020
1000454,2001675
1000454,2001293
1000454,2001176
1000454,2000810
1000455,2001156
1000455,2000227
1000455,2000663
1000455,2000851
1000455,2001042
1000455,2001160
1000456,2001322
1000456,2001244
1000456,2001331
1000456,2001011
1000456,2001041
1000457,2001345
1000457,2000158
1000457,2000514
1000457,2001450
1000457,2001384
1000458,2000374
1000458,2001162
1000458,2001320
1000458,2000964
1000458,2001321
1000458,2000733
1000459,2000131
1000459,2000236
1000459,2001157
1000459,2001711
1000459,2000864
1000459,2001123
1000460,2001258
1000460,2000889
1000460,2001528
1000460,2001277
1000460,2000726
1000460,2001103
1000461,2000354
1000461,2000730
1000461,2000013
1000461,2000399
1000461,2001130
1000461,2001619
1000462,2001013
1000462,2001212
1000462,2000821
1000462,2001725
1000462,2001330
1000462,2001185
1000463,2000065
1000463,2000688
1000463,2000554
1000463,2000052
1000463,2000557
1000463,2000810
1000464,2001017
1000464,2001196
1000464,2000516
1000464,2001253
1000464,2001059
1000465,2000861
1000465,2001308
1000465,2001089
1000465,2000792
1000465,2000859
1000466,2000971
1000466,2001631
1000466,2000528
1000466,2000906
1000466,2001128
1000466,2000810
1000467,2000814
1000467,2000567
1000467,2000210
1000467,2001677
1000467,2000835
1000467,2001597
1000468,2000877
1000468,2001472
1000468,2001415
1000468,2001319
1000468,2000326
1000468,2001185
1000469,2000338
1000469,2001573
1000469,2001530
1000469,2000397
1000469,2000993
1000470,2001183
1000470,2000692
1000470,2000658
1000470,2001564
1000470,2001634
1000471,2000521
1000471,2000560
1000471,2000750
1000471,2000154
1000471,2000270
1000471,2000680
1000472,2001062
1000472,2001131
1000472,2000351
1000472,2000578
1000472,2000164
1000472,2000332
1000473,2000248
1000473,2000481
1000473,2000777
1000473,2000187
1000473,2000982
1000473,2000804
1000474,2000566
1000474,2000251
1000474,2000160
1000474,2001347
1000474,2001628
1000475,2001156
1000475,2000483
1000475,2001490
1000475,2000508
1000475,2001533
1000476,2000392
1000476,2001559
1000476,2001056
1000476,2001055
1000476,2000861
1000477,2001350
1000477,2000877
1000477,2000748
1000477,2001339
1000477,2000717
1000477,2000086
1000478,2000166
1000478,2001236
1000478,2000730
1000478,2000997
1000478,2000453
1000478,2001223
1000479,2000861
1000479,2000859
1000479,2001089
1000479,2001308
1000479,2000792
1000479,2000433
1000480,2001283
1000480,2001072
1000480,2000644
1000480,2001104
1000480,2000606
1000480,2001256
1000481,2000663
1000481,2000713
1000481,2001201
1000481,2000512
1000481,2001583
1000481,2001370
1000482,2000991
1000482,2000782
1000482,2000755
1000482,2000832
1000482,2000654
1000483,2001514
1000483,2000647
1000483,2000611
1000483,2001728
1000483,2001579
1000483,2000471
1000484,2000604
1000484,2000219
1000484,2001398
1000484,2001515
1000484,2001442
1000485,2000806
1000485,2000600
1000485,2000891
1000485,2000940
1000485,2001652
1000485,2000310
1000486,2001387
1000486,2000440
1000486,2001426
1000486,2001649
1000486,2001096
1000487,2000811
1000487,2000360
1000487,2001414
1000488,2000707
1000488,2000496
1000488,2000124
1000488,2001691
1000488,2001463
1000489,2000679
1000489,2000950
1000489,2001560
1000489,2001069
1000489,2000239
1000490,2000861
1000490,2000859
1000490,2001089
1000490,2001308
1000490,2000792
1000490,2001599
1000491,2000116
1000491,2000431
1000491,2001106
1000491,2000016
1000491,2001553
1000492,2000459
1000492,2000497
1000492,2000291
1000492,2000415
1000492,2001136
1000492,2000308
1000493,2000035
1000493,2001210
1000493,2001455
1000493,2001241
1000493,2000154
1000493,2001726
1000494,2000178
1000494,2000600
1000494,2001011
1000494,2001291
1000494,2001236
1000494,2000449
1000495,2000836
1000495,2001090
1000495,2000189
1000495,2001555
1000495,2001568
1000495,2000458
1000496,2000245
1000496,2000299
1000496,2001642
1000496,2000772
1000496,2000183
1000497,2000032
1000497,2000145
1000497,2000625
1000497,2001646
1000497,2000736
1000498,2000738
1000498,2000436
1000498,2001057
1000498,2001011
1000498,2000272
1000498,2001280
1000499,2000679
1000499,2000367
1000499,2000950
1000499,2001560
1000499,2001069
1000500,2000528
1000500,2000889
1000500,2000888
1000500,2000672
1000500,2001455
1000500,2001256
1000501,2000696
1000501,2000273
1000501,2000730
1000501,2000401
1000501,2001012
1000501,2001067
1000502,2001006
1000502,2001149
1000502,2001269
1000502,2000028
1000502,2000289
1000503,2000260
1000503,2000337
1000503,2000792
1000503,2001449
1000503,2000859
1000504,2001636
1000504,2001522
1000504,2001489
1000504,2000906
1000504,2000988
1000504,2001618
1000505,2001196
1000505,2000394
1000505,2001019
1000505,2000432
1000505,2001353
1000506,2001481
1000506,2000224
1000506,2000700
1000506,2000262
1000506,2001014
1000506,2001103
1000507,2000581
1000507,2001681
1000507,2001343
1000507,2000903
1000507,2000312
1000508,2000279
1000508,2000746
1000508,2000575
1000508,2001065
1000508,2000725
1000509,2001182
1000509,2000859
1000510,2001125
1000510,2001323
1000510,2001091
1000510,2001372
1000510,2000369
1000510,2001160
1000511,2000796
1000511,2000905
1000511,2001021
1000511,2000043
1000511,2001562
1000511,2000956
1000512,2000285
1000512,2001331
1000512,2000714
1000512,2000229
1000512,2000578
1000512,2000438
1000513,2000663
1000513,2000188
1000513,2000200
1000513,2001417
1000513,2000588
1000513,2001123
1000514,2000702
1000514,2000373
1000514,2000198
1000514,2001192
1000514,2000669
1000514,2001287
1000515,2000557
1000515,2000775
1000515,2001248
1000515,2000977
1000515,2001549
1000516,2000285
1000516,2001166
1000516,2000578
1000516,2000593
1000516,2001570
1000516,2000435
1000517,2000869
1000517,2000397
1000517,2001703
1000517,2001275
1000517,2001308
1000518,2001258
1000518,2000553
1000518,2000057
1000518,2001108
1000518,2001311
1000519,2000355
1000519,2000453
1000519,2000882
1000519,2001607
1000519,2001608
1000519,2001256
1000520,2001153
1000520,2000347
1000520,2000035
1000520,2000683
1000520,2001229
1000521,2000789
1000521,2000009
1000521,2000437
1000521,2001654
1000521,2001194
1000521,2000141
1000522,2000082
1000522,2000572
1000522,2001332
1000522,2001697
1000522,2000951
1000523,2000989
1000523,2000872
1000523,2000983
1000523,2000040
1000523,2001243
1000523,2001114
1000524,2000280
1000524,2000861
1000524,2001182
1000524,2001050
1000524,2001308
1000525,2001164
1000525,2000908
1000525,2000800
1000525,2001153
1000525,2000723
1000525,2001475
1000526,2000600
1000526,2001485
1000526,2001718
1000526,2001016
1000526,2001264
1000526,2001160
1000527,2000709
1000527,2000256
1000527,2000861
1000527,2001724
1000527,2001695
1000528,2001005
1000528,2001253
1000528,2000976
1000528,2001167
1000528,2000311
1000529,2001594
1000529,2000938
1000529,2001480
1000529,2000413
1000530,2000528
1000530,2000738
1000530,2001536
1000530,2001642
1000530,2000117
1000530,2000810
1000531,2001522
1000531,2001496
1000531,2001209
1000531,2000099
1000531,2000161
1000531,2001034
1000532,2001204
1000532,2000105
1000532,2000177
1000532,2000321
1000532,2000813
1000533,2000005
1000533,2000657
1000533,2001382
1000533,2001266
1000533,2000727
1000534,2000947
1000534,2000020
1000534,2000960
1000534,2001143
1000534,2001189
1000534,2000384
1000535,2001184
1000535,2001647
1000535,2000059
1000535,2000275
1000535,2001135
1000535,2000768
1000536,2000966
1000536,2001670
1000536,2000919
1000536,2001081
1000536,2000231
1000537,2000062
1000537,2001687
1000537,2000144
1000537,2000855
1000537,2000327
1000538,2000374
1000538,2000946
1000538,2001101
1000538,2000748
1000538,2000589
1000538,2000670
1000539,2001420
1000539,2001431
1000539,2000059
1000539,2001041
1000539,2000333
1000540,2000731
1000541,2000827
1000541,2001224
1000541,2000578
1000541,2000024
1000541,2000021
1000541,2000912
1000542,2000585
1000542,2000635
1000542,2000831
1000542,2000729
1000542,2000223
1000543,2000629
1000543,2001494
1000543,2001117
1000543,2001493
1000543,2001413
1000543,2000699
1000544,2000211
1000544,2001398
1000544,2001724
1000544,2001090
1000544,2000569
1000545,2001271
1000545,2000296
1000545,2001181
1000545,2000180
1000545,2000945
1000545,2001225
1000546,2000531
1000546,2000232
1000546,2000754
1000546,2000567
1000546,2001230
1000546,2001160
1000547,2000861
1000547,2001308
1000547,2001391
1000547,2001342
1000547,2000792
1000547,2000923
1000548,2000388
1000548,2001340
1000548,2000470
1000548,2000649
1000548,2001484
1000549,2000889
1000549,2001471
1000549,2001126
1000549,2000299
1000549,2001120
1000549,2001272
1000550,2001318
1000551,2001445
1000551,2001378
1000551,2001383
1000551,2000407
1000551,2000541
1000551,2000670
1000552,2000787
1000552,2000818
1000552,2000752
1000552,2001058
1000552,2000944
1000552,2000810
1000553,2001391
1000553,2001039
1000553,2000507
1000553,2001182
1000553,2000280
1000554,2001398
1000554,2000212
1000555,2000989
1000555,2000690
1000555,2000484
1000555,2001018
1000555,2000259
1000555,2000141
1000556,2001202
1000557,2001177
1000557,2000191
1000557,2000427
1000557,2000163
1000557,2000907
1000557,2001114
1000558,2001502
1000558,2000088
1000558,2000933
1000558,2000425
1000558,2000268
1000558,2001660
1000559,2000044
1000559,2000553
1000559,2001268
1000559,2001221
1000559,2001317
1000560,2000132
1000560,2000973
1000560,2000230
1000560,2001653
1000560,2000175
1000560,2000466
1000561,2000747
1000561,2000998
1000561,2000119
1000561,2000662
1000561,2001710
1000561,2001655
1000562,2001516
1000562,2001141
1000562,2000803
1000562,2001343
1000562,2000499
1000563,2001408
1000563,2001656
1000563,2000103
1000563,2001585
1000563,2000578
1000564,2001401
1000564,2001124
1000564,2001004
1000564,2000132
1000564,2001561
1000565,2000716
1000566,2000226
1000566,2001639
1000566,2000608
1000566,2000801
1000568,2001602
1000568,2000468
1000568,2001604
1000568,2000867
1000568,2001208
1000569,2001665
1000569,2001498
1000569,2001233
1000569,2000841
1000569,2001250
1000569,2000061
1000570,2000215
1000570,2001470
1000570,2001085
1000570,2000477
1000571,2000638
1000571,2000420
1000571,2001110
1000571,2000936
1000573,2001718
1000573,2000656
1000573,2000334
1000573,2000304
1000573,2000493
1000573,2000845
1000574,2001248
1000574,2001242
1000574,2000667
1000574,2001054
1000574,2001190
1000575,2000861
1000575,2000522
1000576,2000301
1000576,2000125
1000576,2000530
1000576,2000978
1000576,2000362
1000576,2001256
1000577,2001365
1000577,2000341
1000577,2000853
1000577,2001405
1000577,2000682
1000578,2000622
1000578,2000745
1000578,2000871
1000578,2000393
1000578,2000962
1000578,2000310
1000579,2001473
1000579,2000751
1000579,2000155
1000579,2001407
1000579,2000377
1000580,2001350
1000580,2001178
1000580,2001327
1000580,2000529
1000580,2000926
1000581,2001698
1000581,2001068
1000581,2000137
1000581,2001464
1000581,2000283
1000581,2000306
1000582,2000861
1000582,2001169
1000582,2001334
1000582,2000256
1000582,2001182
1000583,2000872
1000583,2000284
1000583,2001262
1000583,2000607
1000583,2000305
1000583,2000106
1000585,2000343
1000585,2000831
1000586,2001304
1000586,2000168
1000586,2000551
1000586,2001030
1000587,2000808
1000587,2001041
1000587,2000181
1000587,2001707
1000587,2000197
1000587,2001263
1000588,2001193
1000588,2001392
1000588,2000217
1000588,2001544
1000588,2000113
1000589,2001550
1000589,2000737
1000589,2000222
1000589,2001357
1000589,2000200
1000589,2001103
1000590,2000706
1000590,2001445
1000590,2000987
1000590,2000087
1000590,2001142
1000590,2001613
1000591,2000618
1000591,2000397
1000591,2000219
1000591,2000904
1000591,2001118
1000592,2000233
1000592,2001714
1000592,2001032
1000593,2001592
1000593,2001040
1000593,2000703
1000594,2000164
1000594,2001299
1000594,2000195
1000594,2001570
1000594,2001411
1000594,2000810
1000595,2001657
1000595,2001401
1000595,2000083
1000595,2001529
1000595,2001229
1000595,2000798
1000596,2000088
1000596,2001106
1000596,2001534
1000596,2001707
1000596,2000858
1000596,2000972
1000597,2000033
1000597,2000039
1000597,2001589
1000597,2000352
1000597,2000218
1000597,2000316
1000598,2000811
1000598,2000494
1000598,2000109
1000598,2001724
1000598,2000770
1000599,2001184
1000599,2001137
1000599,2000786
1000599,2000241
1000599,2001092
1000600,2000792
1000600,2000837
1000600,2000256
1000600,2000025
1000601,2001078
1000601,2001253
1000601,2001130
1000601,2001029
1000601,2001326
1000601,2000621
1000602,2000112
1000602,2001083
1000602,2001126
1000602,2001113
1000602,2001523
1000603,2001368
1000603,2000570
1000603,2000071
1000603,2000691
1000603,2001191
1000603,2000383
1000604,2000331
1000604,2001421
1000604,2000093
1000604,2000542
1000604,2000159
1000605,2001439
1000605,2001378
1000605,2001427
1000605,2001359
1000605,2000407
1000606,2000896
1000606,2000415
1000606,2000722
1000606,2001356
1000606,2000344
1000607,2000412
1000607,2000375
1000607,2000462
1000607,2001630
1000607,2000391
1000607,2000909
1000608,2000167
1000608,2000288
1000608,2000994
1000608,2001495
1000608,2001678
1000608,2000419
1000609,2001483
1000609,2001487
1000609,2000756
1000609,2000300
1000609,2000186
1000609,2000680
1000610,2001343
1000610,2000127
1000610,2001352
1000610,2001716
1000610,2001182
1000611,2000286
1000611,2000776
1000611,2000548
1000611,2001331
1000611,2001288
1000612,2000918
1000612,2000257
1000612,2000019
1000612,2000108
1000612,2000112
1000613,2000644
1000613,2000600
1000613,2001000
1000613,2000285
1000613,2000151
1000613,2001103
1000614,2000980
1000614,2000130
1000614,2000625
1000614,2000032
1000614,2001439
1000614,2001279
1000615,2000900
1000615,2001388
1000615,2001088
1000615,2000610
1000615,2000359
1000616,2001024
1000616,2000676
1000616,2001459
1000616,2000927
1000616,2000686
1000617,2001479
1000617,2001473
1000617,2001399
1000617,2001551
1000617,2001609
1000618,2000794
1000618,2000041
1000618,2001219
1000618,2000077
1000618,2000860
1000619,2000735
1000619,2000928
1000619,2001505
1000619,2001186
1000619,2001650
1000620,2001580
1000620,2001577
1000620,2001720
1000620,2001637
1000620,2001256
1000621,2001258
1000621,2000660
1000621,2000253
1000621,2001261
1000621,2001658
1000621,2001684
1000622,2000285
1000622,2000246
1000622,2000850
1000622,2001521
1000622,2001635
1000623,2001378
1000623,2000834
1000623,2000099
1000623,2000873
1000623,2001100
1000624,2000791
1000624,2001547
1000624,2001425
1000624,2000774
1000624,2000821
1000625,2000705
1000625,2000456
1000625,2000467
1000625,2001612
1000625,2001211
1000625,2000874
1000626,2001511
1000626,2001448
1000626,2001115
1000626,2000261
1000626,2000051
1000626,2001254
1000627,2001727
1000627,2001087
1000627,2000769
1000627,2000922
1000627,2000491
1000628,2000937
1000628,2000573
1000628,2000899
1000628,2000480
1000628,2000531
1000629,2000712
1000629,2001232
1000630,2001541
1000630,2000517
1000630,2001702
1000630,2001671
1000630,2000012
1000630,2001150
1000631,2001642
1000631,2001265
1000631,2001570
1000631,2000336
1000631,2000500
1000631,2000036
1000632,2000429
1000632,2000056
1000632,2001499
1000633,2001234
1000633,2001080
1000633,2000029
1000633,2000049
1000633,2000635
1000634,2001550
1000634,2000745
1000634,2001626
1000635,2000715
1000635,2001351
1000635,2000795
1000636,2000085
1000636,2001145
1000636,2001674
1000636,2001158
1000637,2001002
1000637,2001073
1000637,2000641
1000637,2000933
1000637,2000060
1000638,2000118
1000638,2001230
1000638,2001447
1000638,2000135
1000638,2001097
1000638,2000695
1000639,2001528
1000639,2001109
1000639,2000595
1000639,2000381
1000639,2001289
1000639,2001188
1000640,2001329
1000640,2001381
1000640,2001574
1000640,2001497
1000641,2001479
1000641,2001205
1000641,2000563
1000641,2001276
1000641,2001356
1000641,2001475
1000642,2000579
1000642,2001222
1000642,2000994
1000642,2000880
1000642,2000382
1000643,2000908
1000643,2000785
1000643,2001356
1000643,2001273
1000643,2000136
1000643,2001475
1000644,2000908
1000644,2001424
1000644,2001147
1000644,2001379
1000644,2000719
1000644,2000846
1000645,2000675
1000645,2001704
1000645,2000555
1000645,2000297
1000645,2000524
1000646,2001556
1000646,2000214
1000646,2001503
1000646,2000128
1000646,2000943
1000647,2001491
1000647,2001306
1000647,2001260
1000648,2000655
1000648,2000687
1000648,2000984
1000648,2000098
1000649,2001392
1000649,2000089
1000649,2001444
1000649,2000509
1000649,2001313
1000649,2000645
1000650,2000808
1000650,2000538
1000650,2000512
1000650,2000995
1000650,2000590
1000651,2001504
1000651,2000966
1000651,2001129
1000651,2000237
1000651,2000673
1000651,2001672
1000652,2000685
1000652,2000403
1000652,2001071
1000652,2000054
1000652,2000055
1000653,2001491
1000653,2001306
1000653,2001260
1000654,2000073
1000654,2000558
1000654,2001453
1000654,2001036
1000654,2000744
1000655,2000892
1000655,2000646
1000655,2000465
1000655,2000708
1000655,2001712
1000656,2000984
1000656,2000728
1000657,2001156
1000658,2000102
1000658,2000854
1000659,2001648
1000659,2001025
1000659,2001392
1000659,2000594
1000659,2000789
1000659,2000868
1000660,2001276
1000660,2001640
1000660,2001305
1000660,2001558
1000660,2001380
1000662,2000724
1000662,2000199
1000662,2000628
1000662,2000883
1000662,2001281
1000663,2000450
1000663,2000322
1000663,2000038
1000663,2000432
1000663,2000092
1000664,2001139
1000664,2001682
1000664,2001286
1000664,2001402
1000665,2000802
1000665,2000104
1000665,2001003
1000665,2001121
1000665,2000203
1000666,2000346
1000666,2000659
1000667,2001350
1000667,2001178
1000667,2001327
1000667,2000529
1000667,2000926
1000668,2000910
1000668,2000665
1000668,2000205
1000668,2000898
1000668,2000935
1000669,2000114
1000669,2001688
1000669,2000999
1000669,2001638
1000669,2000552
1000669,2001198
1000670,2000852
1000670,2000442
1000670,2000924
1000670,2001456
1000670,2000001
1000671,2000090
1000671,2001196
1000671,2001312
1000671,2000863
1000671,2000624
1000672,2001701
1000672,2000985
1000672,2000840
1000672,2000735
1000672,2001722
1000672,2001673
1000673,2001662
1000673,2000255
1000673,2001540
1000673,2000570
1000673,2001525
1000673,2001103
1000674,2001694
1000674,2000218
1000675,2001416
1000675,2001364
1000675,2000228
1000675,2000758
1000675,2000017
1000676,2000693
1000676,2001235
1000676,2000081
1000676,2000825
1000676,2000955
1000677,2001590
1000677,2001663
1000678,2000011
1000678,2001115
1000678,2000703
1000678,2001301
1000678,2000717
1000678,2001104
1000679,2000233
1000679,2001380
1000679,2001136
1000679,2001175
1000679,2000264
1000679,2000460
1000680,2000404
1000680,2000173
1000680,2001204
1000680,2001403
1000680,2000169
1000681,2000632
1000681,2000748
1000681,2000615
1000681,2000294
1000681,2001321
1000682,2001581
1000682,2000474
1000682,2000681
1000682,2000506
1000682,2000743
1000682,2001620
1000683,2000097
1000683,2001510
1000683,2000162
1000683,2000984
1000683,2001428
1000684,2001197
1000684,2000886
1000684,2000276
1000684,2000793
1000684,2000612
1000685,2000091
1000685,2000157
1000685,2000502
1000685,2000096
1000685,2000252
1000686,2000324
1000686,2001432
1000686,2001341
1000686,2001355
1000686,2000857
1000686,2000376
1000687,2000070
1000687,2000184
1000687,2000452
1000687,2001148
1000687,2000565
1000688,2001457
1000688,2000583
1000688,2001396
1000688,2001010
1000688,2000307
