movie_code,genre_name
1000001,코메디
1000002,시대극/사극
1000002,액션
1000002,전기
1000003,범죄
1000003,액션
1000004,드라마
1000005,드라마
1000005,판타지
1000006,공포
1000006,미스터리
1000007,드라마
1000008,액션
1000008,범죄
1000008,스릴러
1000008,느와르
1000008,코메디
1000009,드라마
1000009,액션
1000010,범죄
1000010,액션
1000011,판타지
1000011,드라마
1000012,액션
1000012,드라마
1000013,드라마
1000013,사회물(경향)
1000014,액션
1000014,스릴러
1000014,재난
1000015,드라마
1000016,액션
1000016,코메디
1000017,드라마
1000017,액션
1000017,코메디
1000017,범죄
1000018,액션
1000018,드라마
1000018,전쟁
1000018,시대극/사극
1000019,액션
1000019,범죄
1000020,액션
1000020,코메디
1000021,액션
1000021,드라마
1000021,어드벤처
1000021,반공/분단
1000022,액션
1000022,어드벤처
1000023,액션
1000023,드라마
1000024,드라마
1000024,코메디
1000025,드라마
1000025,역사
1000026,드라마
1000027,드라마
1000028,액션
1000028,범죄
1000029,드라마
1000030,드라마
1000030,범죄
1000031,코메디
1000031,드라마
1000032,범죄
1000032,액션
1000033,드라마
1000033,미스터리
1000033,스릴러
1000034,드라마
1000034,첩보
1000034,전쟁
1000035,드라마
1000035,액션
1000036,범죄
1000037,드라마
1000037,시대극/사극
1000038,시대극/사극
1000038,액션
1000039,전쟁
1000039,드라마
1000040,액션
1000040,전쟁
1000040,드라마
1000041,액션
1000041,드라마
1000042,드라마
1000042,코메디
1000043,시대극/사극
1000043,드라마
1000044,액션
1000045,범죄
1000045,드라마
1000046,범죄
1000046,액션
1000047,코메디
1000048,드라마
1000049,미스터리
1000049,드라마
1000050,드라마
1000050,액션
1000051,액션
1000051,드라마
1000051,시대극/사극
1000051,전쟁
1000052,범죄
1000052,액션
1000053,범죄
1000053,액션
1000053,드라마
1000054,드라마
1000054,재난
1000055,드라마
1000055,재난
1000056,액션
1000056,드라마
1000057,스릴러
1000057,드라마
1000058,드라마
1000059,공포
1000059,스릴러
1000059,드라마
1000059,액션
1000060,스릴러
1000060,시대극/사극
1000061,전기
1000061,드라마
1000061,뮤지컬
1000061,인물
1000062,드라마
1000063,범죄
1000064,드라마
1000065,시대극/사극
1000065,드라마
1000066,드라마
1000067,드라마
1000068,드라마
1000068,시대극/사극
1000069,범죄
1000069,액션
1000070,범죄
1000071,액션
1000071,범죄
1000072,드라마
1000073,드라마
1000073,코메디
1000074,드라마
1000075,공포
1000075,스릴러
1000075,드라마
1000076,액션
1000076,미스터리
1000077,드라마
1000077,액션
1000077,범죄
1000078,코메디
1000078,범죄
1000079,액션
1000079,드라마
1000079,스릴러
1000080,코메디
1000080,드라마
1000081,멜로/로맨스
1000081,코메디
1000082,액션
1000082,드라마
1000083,액션
1000083,범죄
1000084,드라마
1000085,멜로드라마
1000086,드라마
1000086,멜로드라마
1000086,코메디
1000087,드라마
1000087,코메디
1000088,드라마
1000088,미스터리
1000088,범죄
1000089,드라마
1000089,액션
1000090,스릴러
1000091,공포
1000091,미스터리
1000092,코메디
1000092,드라마
1000093,범죄
1000093,스릴러
1000094,코메디
1000095,멜로드라마
1000096,드라마
1000096,스릴러
1000097,범죄
1000097,드라마
1000098,드라마
1000098,코메디
1000099,코메디
1000099,액션
1000100,액션
1000100,범죄
1000101,드라마
1000102,액션
1000102,범죄
1000103,미스터리
1000103,스릴러
1000104,드라마
1000104,범죄
1000104,액션
1000105,코메디
1000106,시대극/사극
1000106,코메디
1000106,어드벤처
1000107,멜로/로맨스
1000107,미스터리
1000107,드라마
1000108,범죄
1000108,드라마
1000109,드라마
1000110,미스터리
1000111,범죄
1000111,액션
1000112,드라마
1000112,전기
1000113,드라마
1000113,액션
1000114,드라마
1000115,범죄
1000115,스릴러
1000116,범죄
1000117,코메디
1000117,드라마
1000118,범죄
1000118,재난
1000118,스릴러
1000118,시대극/사극
1000119,드라마
1000119,멜로드라마
1000119,코메디
1000120,코메디
1000121,시대극/사극
1000122,판타지
1000122,코메디
1000123,범죄
1000123,드라마
1000123,액션
1000124,드라마
1000124,액션
1000124,코메디
1000125,시대극/사극
1000125,드라마
1000126,드라마
1000126,판타지
1000127,SF
1000127,액션
1000127,판타지
1000128,드라마
1000129,액션
1000129,범죄
1000129,스릴러
1000130,공포
1000130,스릴러
1000131,범죄
1000131,액션
1000132,드라마
1000132,멜로드라마
1000133,코메디
1000133,드라마
1000134,드라마
1000134,액션
1000135,인물
1000136,드라마
1000136,멜로드라마
1000137,범죄
1000137,액션
1000138,액션
1000139,드라마
1000140,범죄
1000141,공포
1000141,미스터리
1000142,액션
1000142,SF
1000142,드라마
1000142,판타지
1000143,코메디
1000143,액션
1000144,드라마
1000144,뮤직
1000145,시대극/사극
1000146,드라마
1000146,코메디
1000147,드라마
1000148,액션
1000149,공포
1000149,액션
1000149,미스터리
1000149,판타지
1000150,코메디
1000151,스릴러
1000151,드라마
1000152,코메디
1000152,시대극/사극
1000153,드라마
1000153,가족
1000154,어드벤처
1000154,코메디
1000154,액션
1000155,스릴러
1000155,액션
1000156,드라마
1000157,드라마
1000157,뮤직
1000158,액션
1000159,드라마
1000160,코메디
1000160,드라마
1000161,드라마
1000161,미스터리
1000161,스릴러
1000162,드라마
1000163,드라마
1000163,멜로드라마
1000163,코메디
1000164,드라마
1000164,가족
1000165,드라마
1000165,액션
1000166,드라마
1000166,범죄
1000167,드라마
1000167,멜로/로맨스
1000168,액션
1000168,코메디
1000169,드라마
1000170,액션
1000170,느와르
1000170,범죄
1000170,스릴러
1000171,미스터리
1000171,드라마
1000172,뮤지컬
1000172,드라마
1000173,드라마
1000173,스포츠
1000174,스릴러
1000174,범죄
1000174,미스터리
1000175,드라마
1000175,미스터리
1000175,스릴러
1000176,드라마
1000177,드라마
1000177,시대극/사극
1000178,드라마
1000178,공포
1000178,스릴러
1000179,드라마
1000179,멜로/로맨스
1000180,코메디
1000181,코메디
1000181,드라마
1000182,드라마
1000182,범죄
1000183,드라마
1000183,가족
1000184,드라마
1000184,첩보
1000185,액션
1000185,드라마
1000186,스릴러
1000186,미스터리
1000187,드라마
1000187,코메디
1000188,드라마
1000188,코메디
1000189,드라마
1000189,액션
1000189,시대극/사극
1000189,스포츠
1000190,드라마
1000190,스포츠
1000190,가족
1000191,드라마
1000191,판타지
1000192,드라마
1000192,범죄
1000193,액션
1000193,드라마
1000194,드라마
1000194,스릴러
1000195,스릴러
1000195,드라마
1000196,액션
1000196,코메디
1000197,드라마
1000197,시대극/사극
1000198,미스터리
1000198,드라마
1000199,드라마
1000199,전기
1000200,액션
1000201,드라마
1000201,코메디
1000202,미스터리
1000202,스릴러
1000203,멜로드라마
1000204,드라마
1000204,액션
1000204,범죄
1000205,공포
1000205,스릴러
1000205,드라마
1000206,코메디
1000207,멜로/로맨스
1000207,드라마
1000208,스릴러
1000208,미스터리
1000209,드라마
1000209,전쟁
1000210,액션
1000210,판타지
1000210,미스터리
1000211,드라마
1000211,시대극/사극
1000212,드라마
1000213,드라마
1000213,범죄
1000213,스릴러
1000214,드라마
1000214,전기
1000214,시대극/사극
1000215,액션
1000215,드라마
1000215,범죄
1000216,SF
1000216,코메디
1000216,드라마
1000216,사회물(경향)
1000217,멜로/로맨스
1000217,드라마
1000218,드라마
1000218,범죄
1000218,스릴러
1000219,드라마
1000220,코메디
1000221,사회
1000222,드라마
1000222,스릴러
1000222,범죄
1000223,드라마
1000224,코메디
1000224,가족
1000224,드라마
1000225,어드벤처
1000226,SF
1000226,액션
1000227,범죄
1000227,스릴러
1000228,액션
1000229,액션
1000229,공포
1000229,SF
1000229,판타지
1000229,스릴러
1000229,재난
1000230,액션
1000230,범죄
1000230,스릴러
1000231,범죄
1000231,드라마
1000232,드라마
1000233,드라마
1000234,멜로드라마
1000234,코메디
1000235,드라마
1000236,드라마
1000237,어드벤처
1000238,드라마
1000238,코메디
1000238,가족
1000239,공포
1000239,판타지
1000240,드라마
1000241,시대극/사극
1000242,어드벤처
1000243,드라마
1000244,멜로/로맨스
1000244,코메디
1000245,액션
1000245,시대극/사극
1000246,어드벤처
1000246,코메디
1000246,판타지
1000246,멜로드라마
1000247,드라마
1000248,드라마
1000249,드라마
1000250,가족
1000251,드라마
1000251,SF
1000252,드라마
1000253,드라마
1000254,드라마
1000254,코메디
1000255,범죄
1000255,스릴러
1000256,드라마
1000256,스포츠
1000257,코메디
1000258,스릴러
1000259,드라마
1000259,시대극/사극
1000260,코메디
1000261,멜로드라마
1000262,드라마
1000263,코메디
1000263,드라마
1000263,어드벤처
1000264,드라마
1000264,코메디
1000265,드라마
1000266,드라마
1000266,판타지
1000267,액션
1000267,스릴러
1000268,드라마
1000268,액션
1000268,SF
1000269,액션
1000269,드라마
1000270,공포
1000271,미스터리
1000271,스릴러
1000272,공포
1000272,어드벤처
1000272,범죄
1000272,액션
1000273,드라마
1000274,스릴러
1000274,드라마
1000274,코메디
1000275,멜로/로맨스
1000276,드라마
1000276,액션
1000276,느와르
1000277,액션
1000277,전쟁
1000277,드라마
1000278,범죄
1000278,스릴러
1000279,미스터리
1000280,드라마
1000280,판타지
1000281,어드벤처
1000282,드라마
1000283,드라마
1000283,코메디
1000284,범죄
1000285,액션
1000285,드라마
1000285,범죄
1000286,아동
1000286,SF
1000286,어드벤처
1000286,가족
1000287,드라마
1000287,코메디
1000288,드라마
1000288,범죄
1000289,어드벤처
1000290,어드벤처
1000290,액션
1000290,판타지
1000291,범죄
1000291,액션
1000292,드라마
1000292,스릴러
1000293,아동
1000294,드라마
1000294,코메디
1000295,코메디
1000295,액션
1000296,공포
1000296,범죄
1000296,스릴러
1000297,드라마
1000298,드라마
1000298,스릴러
1000299,드라마
1000299,미스터리
1000299,판타지
1000299,멜로드라마
1000300,드라마
1000300,청춘영화
1000301,드라마
1000302,액션
1000302,스릴러
1000303,드라마
1000304,범죄
1000304,드라마
1000305,드라마
1000305,스포츠
1000306,코메디
1000306,멜로/로맨스
1000307,코메디
1000307,드라마
1000307,범죄
1000308,드라마
1000308,코메디
1000309,드라마
1000310,드라마
1000310,멜로드라마
1000311,공포
1000311,스릴러
1000312,멜로/로맨스
1000313,드라마
1000313,액션
1000314,드라마
1000314,가족
1000315,코메디
1000315,멜로/로맨스
1000316,범죄
1000316,드라마
1000317,드라마
1000317,공포
1000317,미스터리
1000318,어드벤처
1000319,드라마
1000320,드라마
1000320,코메디
1000321,드라마
1000322,드라마
1000322,미스터리
1000322,멜로드라마
1000323,드라마
1000323,시대극/사극
1000324,코메디
1000324,드라마
1000325,시대극/사극
1000325,액션
1000325,무협
1000326,액션
1000326,느와르
1000327,스릴러
1000327,미스터리
1000328,스릴러
1000328,범죄
1000329,드라마
1000329,범죄
1000330,아동
1000330,어드벤처
1000331,드라마
1000332,액션
1000332,멜로/로맨스
1000333,드라마
1000333,범죄
1000334,드라마
1000334,어드벤처
1000334,종교
1000335,범죄
1000335,액션
1000336,어드벤처
1000336,아동
1000337,어드벤처
1000337,코메디
1000337,가족
1000338,미스터리
1000338,스릴러
1000339,시대극/사극
1000339,드라마
1000340,드라마
1000340,코메디
1000341,드라마
1000342,드라마
1000343,인물
1000344,드라마
1000345,드라마
1000345,전기
1000346,액션
1000346,코메디
1000347,드라마
1000347,액션
1000348,스릴러
1000349,코메디
1000349,드라마
1000350,드라마
1000350,공포
1000350,미스터리
1000351,드라마
1000351,느와르
1000351,범죄
1000351,액션
1000352,드라마
1000352,코메디
1000353,드라마
1000354,코메디
1000354,스릴러
1000355,뮤직
1000355,인물
1000356,스포츠
1000356,드라마
1000357,액션
1000357,드라마
1000357,코메디
1000358,코메디
1000358,멜로드라마
1000359,코메디
1000359,멜로드라마
1000360,드라마
1000360,역사
1000360,인권
1000361,미스터리
1000361,스릴러
1000362,드라마
1000362,범죄
1000362,느와르
1000362,미스터리
1000362,스릴러
1000362,액션
1000362,무협
1000363,드라마
1000364,드라마
1000364,액션
1000365,드라마
1000365,코메디
1000366,드라마
1000366,멜로드라마
1000366,코메디
1000367,자연ㆍ환경
1000368,코메디
1000368,시대극/사극
1000369,드라마
1000369,가족
1000370,드라마
1000370,범죄
1000371,드라마
1000372,드라마
1000373,공포
1000374,드라마
1000374,범죄
1000374,미스터리
1000374,스릴러
1000375,액션
1000375,드라마
1000375,범죄
1000376,드라마
1000376,시대극/사극
1000377,드라마
1000378,드라마
1000378,멜로/로맨스
1000379,어드벤처
1000380,드라마
1000381,드라마
1000381,가족
1000382,범죄
1000382,액션
1000383,가족
1000383,어드벤처
1000384,드라마
1000384,범죄
1000384,스릴러
1000385,코메디
1000385,공포
1000386,스릴러
1000387,어드벤처
1000388,공포
1000388,미스터리
1000389,범죄
1000389,액션
1000389,느와르
1000390,멜로/로맨스
1000390,드라마
1000391,멜로/로맨스
1000391,스릴러
1000392,공포
1000392,미스터리
1000393,코메디
1000394,멜로드라마
1000395,드라마
1000396,액션
1000397,드라마
1000397,범죄
1000398,코메디
1000398,드라마
1000399,공포
1000399,미스터리
1000400,인물
1000401,미스터리
1000401,드라마
1000402,멜로드라마
1000403,스릴러
1000403,미스터리
1000404,드라마
1000405,멜로드라마
1000405,드라마
1000406,드라마
1000407,액션
1000407,시대극/사극
1000408,코메디
1000409,범죄
1000409,액션
1000409,스릴러
1000410,어드벤처
1000411,스릴러
1000412,멜로/로맨스
1000412,드라마
1000413,코메디
1000413,가족
1000413,스릴러
1000414,드라마
1000415,미스터리
1000415,스릴러
1000416,가족
1000416,드라마
1000417,드라마
1000418,멜로/로맨스
1000418,코메디
1000419,스릴러
1000420,드라마
1000421,드라마
1000422,드라마
1000423,드라마
1000423,액션
1000423,범죄
1000424,드라마
1000424,범죄
1000425,범죄
1000425,미스터리
1000425,전쟁
1000426,범죄
1000427,어드벤처
1000428,드라마
1000428,코메디
1000428,가족
1000429,드라마
1000429,코메디
1000430,코메디
1000430,액션
1000431,어드벤처
1000431,판타지
1000432,멜로드라마
1000432,범죄
1000433,드라마
1000434,액션
1000435,공포
1000436,공포
1000436,옴니버스
1000437,어드벤처
1000438,코메디
1000438,액션
1000439,드라마
1000439,액션
1000439,범죄
1000440,드라마
1000440,공포
1000440,스릴러
1000441,뮤직
1000441,인물
1000442,아동
1000443,코메디
1000443,드라마
1000444,미스터리
1000444,스릴러
1000445,코메디
1000445,범죄
1000445,스릴러
1000445,공포
1000446,공포
1000446,스릴러
1000447,스릴러
1000448,아동
1000449,드라마
1000449,범죄
1000450,미스터리
1000450,스릴러
1000451,공포
1000451,미스터리
1000452,코메디
1000452,범죄
1000453,액션
1000454,판타지
1000454,코메디
1000454,드라마
1000455,SF
1000455,코메디
1000455,스릴러
1000456,코메디
1000456,범죄
1000457,범죄
1000457,액션
1000458,드라마
1000458,청춘영화
1000459,공포
1000459,미스터리
1000460,액션
1000460,범죄
1000460,스릴러
1000461,드라마
1000462,전기
1000462,드라마
1000463,스릴러
1000463,SF
1000464,드라마
1000464,코메디
1000465,아동
1000465,액션
1000466,코메디
1000467,드라마
1000468,멜로/로맨스
1000468,드라마
1000469,코메디
1000470,인물
1000470,종교
1000471,멜로/로맨스
1000471,코메디
1000472,시대극/사극
1000472,드라마
1000472,뮤지컬
1000473,드라마
1000473,멜로/로맨스
1000474,범죄
1000474,스릴러
1000475,범죄
1000475,스릴러
1000476,어드벤처
1000476,판타지
1000477,공포
1000478,드라마
1000478,코메디
1000479,어드벤처
1000480,액션
1000481,공포
1000481,스릴러
1000481,미스터리
1000482,드라마
1000483,멜로드라마
1000483,코메디
1000484,아동
1000485,드라마
1000485,코메디
1000486,드라마
1000486,판타지
1000486,가족
1000487,어드벤처
1000488,뮤직
1000488,인물
1000489,어드벤처
1000489,가족
1000489,아동
1000489,뮤지컬
1000490,액션
1000490,어드벤처
1000491,인물
1000491,뮤직
1000492,액션
1000492,범죄
1000493,공포
1000493,스릴러
1000494,코메디
1000494,범죄
1000495,어드벤처
1000496,코메디
1000496,액션
1000497,드라마
1000498,코메디
1000498,드라마
1000499,뮤지컬
1000499,가족
1000500,액션
1000500,범죄
1000501,드라마
1000501,미스터리
1000502,인물
1000503,어드벤처
1000503,액션
1000503,판타지
1000504,코메디
1000504,멜로/로맨스
1000505,미스터리
1000505,스릴러
1000506,드라마
1000506,옴니버스
1000507,공포
1000508,공포
1000509,어드벤처
1000510,드라마
1000510,코메디
1000511,드라마
1000511,스릴러
1000512,코메디
1000513,드라마
1000513,공포
1000513,미스터리
1000513,스릴러
1000514,공포
1000515,코메디
1000515,드라마
1000516,드라마
1000517,액션
1000517,어드벤처
1000518,멜로/로맨스
1000518,코메디
1000519,드라마
1000520,드라마
1000520,스릴러
1000521,사회
1000521,인권
1000521,인물
1000522,드라마
1000523,드라마
1000523,코메디
1000524,어드벤처
1000525,액션
1000525,드라마
1000526,코메디
1000526,멜로/로맨스
1000526,가족
1000527,어드벤처
1000528,공포
1000528,옴니버스
1000529,인물
1000529,뮤직
1000530,드라마
1000530,코메디
1000531,드라마
1000531,액션
1000531,갱스터
1000532,공포
1000532,미스터리
1000533,인물
1000533,뮤직
1000533,로드무비
1000534,액션
1000534,하이틴(고교)
1000535,멜로/로맨스
1000536,공포
1000536,옴니버스
1000537,인물
1000538,드라마
1000539,공포
1000539,미스터리
1000540,인물
1000540,뮤직
1000541,드라마
1000542,액션
1000542,드라마
1000542,전쟁
1000542,시대극/사극
1000543,드라마
1000543,멜로/로맨스
1000543,판타지
1000543,뮤지컬
1000544,드라마
1000545,스릴러
1000546,범죄
1000546,드라마
1000546,스릴러
1000547,액션
1000547,어드벤처
1000548,뮤직
1000548,인물
1000549,액션
1000549,코메디
1000550,뮤직
1000550,인물
1000551,액션
1000551,범죄
1000551,스릴러
1000552,드라마
1000553,뮤직
1000554,어드벤처
1000555,코메디
1000555,드라마
1000555,멜로/로맨스
1000555,판타지
1000556,인물
1000557,미스터리
1000557,스릴러
1000558,코메디
1000558,멜로/로맨스
1000558,드라마
1000559,공포
1000559,판타지
1000560,드라마
1000561,드라마
1000561,스릴러
1000562,판타지
1000562,멜로/로맨스
1000563,드라마
1000563,판타지
1000564,액션
1000565,자연ㆍ환경
1000565,인물
1000566,공포
1000567,사회
1000568,액션
1000568,어드벤처
1000569,코메디
1000570,액션
1000570,어드벤처
1000571,드라마
1000572,드라마
1000572,아동
1000573,드라마
1000573,멜로드라마
1000573,코메디
1000574,인물
1000574,지역
1000574,자연ㆍ환경
1000574,뮤직
1000575,아동
1000576,미스터리
1000576,스릴러
1000577,드라마
1000577,가족
1000578,드라마
1000578,멜로드라마
1000579,스릴러
1000580,뮤직
1000581,판타지
1000581,멜로/로맨스
1000581,스릴러
1000582,어드벤처
1000582,아동
1000583,역사
1000584,뮤직
1000585,문화
1000585,기업ㆍ기관ㆍ단체
1000585,인물
1000586,드라마
1000586,인물
1000586,뮤직
1000587,액션
1000587,어드벤처
1000587,시대극/사극
1000588,범죄
1000588,드라마
1000589,코메디
1000590,범죄
1000590,액션
1000590,드라마
1000591,어드벤처
1000592,드라마
1000593,멜로/로맨스
1000593,미스터리
1000594,범죄
1000594,액션
1000594,스릴러
1000595,멜로드라마
1000596,드라마
1000596,액션
1000597,시대극/사극
1000597,드라마
1000598,액션
1000598,가족
1000598,어드벤처
1000598,판타지
1000599,공포
1000599,멜로/로맨스
1000599,스릴러
1000600,어드벤처
1000600,실험
1000601,액션
1000601,범죄
1000602,종교
1000603,범죄
1000603,스릴러
1000604,코메디
1000604,드라마
1000604,멜로/로맨스
1000604,가족
1000605,액션
1000606,액션
1000606,코메디
1000607,드라마
1000607,미스터리
1000607,스릴러
1000607,액션
1000608,드라마
1000609,드라마
1000609,멜로/로맨스
1000609,뮤직
1000610,코메디
1000610,드라마
1000611,공포
1000611,미스터리
1000611,스릴러
1000612,종교
1000613,액션
1000614,드라마
1000615,드라마
1000616,드라마
1000616,멜로/로맨스
1000616,코메디
1000617,드라마
1000618,범죄
1000618,드라마
1000619,멜로/로맨스
1000620,드라마
1000620,SF
1000621,드라마
1000622,코메디
1000623,코메디
1000623,공포
1000624,판타지
1000624,드라마
1000625,드라마
1000626,드라마
1000626,멜로드라마
1000626,코메디
1000627,드라마
1000627,뮤지컬
1000628,공포
1000629,드라마
1000629,멜로/로맨스
1000630,드라마
1000631,멜로/로맨스
1000631,코메디
1000632,공포
1000633,드라마
1000634,코메디
1000635,멜로드라마
1000636,드라마
1000637,드라마
1000637,판타지
1000638,드라마
1000638,액션
1000639,코메디
1000640,멜로/로맨스
1000640,뮤직
1000641,미스터리
1000642,드라마
1000642,인물
1000642,지역
1000642,종교
1000643,코메디
1000643,가족
1000643,액션
1000643,드라마
1000644,액션
1000645,액션
1000645,범죄
1000646,미스터리
1000646,스릴러
1000646,액션
1000646,범죄
1000647,스릴러
1000648,코메디
1000649,액션
1000649,드라마
1000650,코메디
1000651,액션
1000651,느와르
1000652,드라마
1000653,스릴러
1000654,멜로드라마
1000655,뮤직
1000655,코메디
1000655,액션
1000656,멜로/로맨스
1000657,자연ㆍ환경
1000658,드라마
1000658,공포
1000659,드라마
1000659,뮤직
1000660,"""드라마"
1000662,코메디
1000662,드라마
1000662,SF
1000663,액션
1000663,드라마
1000663,코메디
1000664,드라마
1000665,멜로드라마
1000665,코메디
1000666,멜로드라마
1000667,뮤직
1000668,스릴러
1000668,미스터리
1000668,공포
1000669,드라마
1000669,멜로/로맨스
1000669,판타지
1000670,미스터리
1000670,스릴러
1000671,자연ㆍ환경
1000672,드라마
1000672,코메디
1000672,멜로/로맨스
1000673,드라마
1000674,스릴러
1000675,드라마
1000676,드라마
1000677,멜로드라마
1000678,코메디
1000678,공포
1000678,멜로/로맨스
1000679,멜로/로맨스
1000679,판타지
1000679,공포
1000680,스릴러
1000680,액션
1000681,드라마
1000682,드라마
1000682,멜로드라마
1000682,코메디
1000683,코메디
1000684,공포
1000684,스릴러
1000685,공포
1000686,드라마
1000687,드라마
1000687,멜로/로맨스
1000688,드라마
