movie_code,company_name
1000001,㈜어바웃필름
1000002,㈜빅스톤픽쳐스
1000003,주식회사 빅펀치픽쳐스
1000003,㈜홍필름
1000003,㈜비에이엔터테인먼트
1000004,하이브미디어코프
1000005,리얼라이즈픽쳐스㈜
1000005,㈜덱스터스튜디오
1000006,㈜쇼박스
1000006,㈜파인타운 프로덕션
1000007,㈜JK필름
1000007,씨제이엔터테인먼트㈜
1000008,주식회사 빅펀치픽쳐스
1000008,㈜홍필름
1000008,㈜비에이엔터테인먼트
1000009,㈜외유내강
1000010,㈜빅펀치픽쳐스
1000010,㈜홍필름
1000010,㈜비에이엔터테인먼트
1000011,리얼라이즈픽쳐스㈜
1000011,㈜덱스터스튜디오
1000012,케이퍼필름
1000013,더 램프㈜
1000014,(주)영화사레드피터
1000015,㈜바른손이앤에이
1000016,㈜외유내강
1000017,㈜영화사 월광
1000017,㈜사나이픽처스
1000018,㈜빅스톤픽쳐스
1000019,㈜외유내강
1000020,㈜JK필름
1000021,덱스터스튜디오
1000022,㈜하리마오 픽쳐스
1000022,유한회사 해적문화산업전문회사
1000023,㈜JK필름
1000024,예인플러스 엔터테인먼트
1000024,CJ 엔터테인먼트
1000025,워너브러더스 코리아㈜
1000025,영화사 그림(주)
1000026,JK필름
1000027,우정필름
1000028,영화사 집
1000029,어나더썬데이
1000029,(주)비에이엔터테인먼트
1000029,하이스토리
1000030,(유)내부자들 문화전문회사
1000031,(주)용필름
1000032,(주)홍필름
1000032,㈜비에이엔터테인먼트
1000033,사이드미러
1000033,폭스 인터내셔널 프로덕션(코리아)
1000034,㈜태원엔터테인먼트
1000035,(주)외유내강
1000036,㈜외유내강
1000037,㈜타이거픽쳐스
1000038,㈜영화사 수작
1000038,㈜스튜디오앤뉴
1000039,㈜로제타시네마
1000040,㈜빅스톤픽쳐스
1000041,아티스트스튜디오
1000041,㈜사나이픽처스
1000042,필름몬스터
1000043,유한회사 덕혜
1000043,호필름
1000044,㈜무비락
1000045,(주)우주필름
1000046,㈜용필름
1000047,쇼트케이크
1000047,㈜무비락
1000048,㈜영화사 월광
1000048,㈜사나이픽처스
1000049,㈜영화사 집
1000050,㈜하이브미디어코프
1000050,㈜젬스톤픽처스
1000051,㈜빅스톤픽쳐스
1000051,㈜더블유픽쳐스
1000052,CJ 엔터테인먼트
1000052,㈜영화사비단길
1000053,하이브미디어코프
1000054,클라이맥스 스튜디오
1000055,(주)씨에이씨엔터테인먼트
1000056,와이웍스엔터테인먼트
1000057,㈜모호필름
1000057,㈜용필름
1000057,유한회사 아가씨에프에스INc.
1000058,덱스터스튜디오
1000058,㈜외유내강
1000059,㈜영화사레드피터
1000060,씨제스 엔터테인먼트
1000060,㈜영화사 담담
1000061,㈜제이케이필름
1000062,유한회사 타짜2문화산업전문회사
1000062,싸이더스픽쳐스
1000062,안나푸르나필름
1000063,(주)영화사두둥
1000064,㈜에스크로드 픽쳐스
1000064,㈜아센디오
1000064,㈜로니스
1000065,싸이런 픽쳐스
1000066,㈜영화사 집
1000067,㈜봄바람영화사
1000068,굿초이스컷픽쳐스(주)
1000068,파파스필름
1000069,㈜비에이엔터테인먼트
1000070,㈜사나이픽처스
1000070,㈜영화사 월광
1000071,메이스 엔터테인먼트㈜
1000071,쇼박스㈜미디어플렉스
1000071,㈜아지트필름
1000072,㈜외유내강
1000073,(주)제이케이필름
1000073,씨제이이앤엠㈜
1000074,제이오엔터테인먼트
1000075,흰수염고래 영화사
1000076,㈜영화사 금월
1000076,페퍼민트앤컴퍼니
1000077,에이디사공육
1000077,㈜다세포클럽
1000078,㈜크리픽쳐스
1000079,하이브미디어코프
1000080,㈜영화사 시선
1000081,영화사 집
1000082,더 램프
1000083,(주)큐로홀딩스
1000084,더 램프
1000085,(주)필름케이
1000086,영화나무
1000087,굿초이스컷픽쳐스(주)
1000088,㈜제이콘 컴퍼니
1000089,㈜바른손
1000089,(주)용필름
1000090,(주)AD406
1000091,하이브미디어코프
1000092,㈜더타워픽쳐스
1000093,(주)더블유픽처스
1000093,(주)쇼박스
1000094,㈜영화사 울림
1000095,㈜무비락
1000096,㈜매그넘나인
1000097,㈜아우라픽처스
1000097,유한회사 질라라비
1000098,(주)영화사 월광
1000098,(주)사나이픽처스
1000099,베리굿 스튜디오㈜
1000100,(주)사나이픽처스
1000101,㈜무비락
1000101,㈜도서관옆스튜디오
1000102,㈜티피에스컴퍼니
1000103,㈜외유내강
1000104,㈜트리니티 엔터테인먼트
1000105,TPS컴퍼니
1000106,청년필름㈜
1000107,㈜모호필름
1000108,㈜싸이더스
1000109,(주)이디오플랜
1000110,㈜외유내강
1000111,메이스 엔터테인먼트㈜
1000111,㈜아지트필름
1000112,박열문화산업전문유한회사
1000113,㈜모베라픽처스
1000113,쇼박스㈜미디어플렉스
1000114,㈜영화사 수박
1000114,㈜원테이크 필름
1000115,㈜비에이엔터테인먼트
1000116,㈜JK필름
1000117,호두앤유엔터테인먼트㈜
1000117,㈜영화사 람
1000118,㈜퍼펙트스톰필름
1000118,채널플러스 주식회사
1000119,(주)필름모멘텀
1000120,하이브미디어코프
1000121,㈜하이브미디어코프
1000122,㈜에코필름
1000122,㈜전망좋은영화사
1000123,하이브미디어코프
1000123,젬스톤픽쳐스
1000124,페이지원필름㈜
1000124,㈜씨제스스튜디오
1000125,㈜엠픽처스
1000125,SNK픽처스
1000126,(주)용필름
1000127,케이퍼필름
1000128,㈜영화사 집
1000128,퍼스펙티브픽쳐스
1000129,㈜외유내강
1000130,(주)다나크리에이티브
1000131,(주)쇼박스
1000131,호두앤유픽쳐스(주)
1000132,㈜팝콘필름
1000132,선샤인필름(주)
1000133,㈜JK필름
1000133,㈜레드로버
1000134,㈜스튜디오 게니우스 우정
1000135,영화사 풀
1000136,(주)사나이픽처스
1000136,㈜필름트레인
1000137,㈜수필름
1000138,㈜퍼펙트스톰필름
1000139,더 램프㈜
1000140,㈜싸이런픽쳐스
1000141,㈜루이스픽쳐스
1000142,케이퍼필름
1000143,㈜필름모멘텀
1000144,제이필름
1000144,㈜무브픽쳐스
1000145,㈜사나이픽처스
1000146,㈜무비락
1000147,㈜영화사 수박
1000147,비플러스픽처스
1000148,리양필름(주)
1000148,영화사 이창
1000149,키이스트
1000150,㈜홍필름
1000150,㈜수필름
1000151,(주)영화사피어나
1000152,영화사람
1000152,CJ 엔터테인먼트
1000152,㈜더타워픽쳐스
1000153,㈜영화사 집
1000154,주식회사 어뉴
1000155,㈜미스터로맨스
1000156,㈜영화사 집
1000157,안나푸르나필름
1000158,폴룩스픽쳐스
1000159,㈜영화사 수박
1000160,㈜명필름
1000160,㈜조이래빗
1000161,㈜엔진필름
1000162,유비유필름
1000162,무비락
1000163,담소필름
1000164,홍필름
1000164,수필름
1000165,㈜영화사비단길
1000166,㈜영화사 집
1000167,㈜아이언팩키지
1000168,영화사올㈜
1000168,㈜사나이픽처스
1000169,㈜에스에이엠지엔터테인먼트
1000170,(주)영화사 금월
1000170,페퍼민트앤컴퍼니
1000171,㈜영화사 월광
1000171,㈜퍼펙트스톰필름
1000172,더 램프㈜
1000173,㈜옥토버시네마
1000174,㈜싸이더스
1000175,㈜비에이엔터테인먼트
1000175,㈜미디어메이커
1000176,㈜팔레트픽처스
1000177,(주)주피터필름
1000178,스튜디오 드림캡쳐
1000179,㈜무비락
1000179,정지우 필름
1000179,필름봉옥
1000180,㈜디씨지플러스
1000180,㈜어바웃필름
1000181,㈜용필름
1000182,(주)콘텐츠케이
1000183,나우필름㈜
1000183,㈜영화사레드피터
1000183,파인하우스필름㈜
1000184,와인드업필름
1000184,와이낫필름
1000185,(주) 앞에 있다
1000186,CJ ENTERTAINMENT
1000187,하이브미디어코프
1000188,맨필름
1000188,쇼박스
1000189,㈜비에이엔터테인먼트
1000189,㈜빅픽쳐
1000190,코코너
1000191,㈜수필름
1000192,㈜영화적순간
1000193,필름몬스터
1000193,㈜비에이엔터테인먼트
1000194,TPS컴퍼니
1000194,CJ ENM
1000195,(주)라인필름
1000196,㈜보경사
1000197,수필름
1000198,다이스필름(주)
1000199,㈜루스이소니도스
1000200,이스트드림 시노펙스㈜
1000200,㈜기억속의매미
1000201,㈜영화사 기쁜우리젊은날
1000201,이십세기폭스코리아㈜
1000202,㈜오에이엘
1000203,㈜빅픽쳐
1000203,CJ 엔터테인먼트
1000204,CJ엔터테인먼트
1000204,빛나는 제국
1000205,㈜노던크로스
1000205,GDH
1000206,㈜수필름
1000206,㈜홍필름
1000207,㈜쇼박스
1000207,㈜고래와 유기농
1000208,상상필름
1000209,조이래빗
1000209,㈜금진자산운용
1000210,㈜비에이엔터테인먼트
1000210,㈜사람엔터테인먼트
1000211,㈜영화사 두둥
1000212,㈜이디오플랜
1000213,㈜에코필름
1000213,CJ 엔터테인먼트
1000214,㈜시네마서비스
1000215,CJ E M
1000215,폴룩스픽쳐스(주)
1000216,㈜영화사레드피터
1000217,㈜무비락
1000218,㈜트윈필름
1000218,㈜비에이엔터테인먼트
1000219,(주)두타연
1000219,㈜판타지오픽쳐스
1000220,㈜영화사 아이비젼
1000221,뉴스타파(한국탐사저널리즘센터)
1000222,리얼라이즈픽쳐스㈜
1000223,㈜씨앗필름
1000224,필름있수다
1000225,씨제이이앤엠㈜
1000225,㈜스튜디오이크
1000226,루이스 픽쳐스(주)
1000227,㈜미인픽쳐스
1000228,더 램프㈜
1000229,블라드스튜디오
1000230,㈜영화사 금월
1000231,리양필름㈜
1000232,블러썸픽쳐스
1000233,㈜비에이엔터테인먼트
1000233,워크하우스컴퍼니㈜
1000234,리양필름주식회사
1000235,파파스필름
1000235,오스카10스튜디오
1000236,주식회사 무다필름
1000236,최용석
1000237,(주)초이락컨텐츠팩토리
1000238,안나푸르나필름
1000239,유비유필름
1000240,㈜하이브미디어코프
1000241,폭스 인터내셔널 프로덕션(코리아)
1000241,리얼라이즈픽쳐스㈜
1000242,(주)오콘
1000243,㈜영화사비단길
1000243,상의원문화산업전문(유)
1000244,씨제이이앤엠㈜
1000244,트웰브져니㈜
1000245,㈜태원엔터테인먼트
1000246,㈜싸이더스
1000246,로커스
1000247,오퍼스픽쳐스
1000248,하이브미디어코프
1000249,㈜영화사 배
1000250,㈜오콘
1000251,㈜영화사봄
1000251,㈜기린제작사
1000252,㈜명필름
1000253,㈜명필름
1000254,㈜빅펀치픽쳐스
1000254,㈜홍필름
1000254,㈜비에이엔터테인먼트
1000255,㈜비에이엔터테인먼트
1000255,메가박스중앙(주)플러스엠
1000256,케이엠컬쳐㈜
1000257,로드픽쳐스
1000257,CJ ENM
1000258,㈜영화사 수작
1000258,㈜모티브 랩
1000258,㈜디씨지플러스
1000259,㈜영화사 심플렉스
1000260,㈜비리프
1000261,㈜영화사 문
1000262,㈜26컴퍼니
1000263,리양필름㈜
1000264,영화사김치(주)
1000265,㈜조이래빗
1000266,글뫼
1000267,(주)빅스톤픽쳐스
1000268,CJ ENM Studios 블라드스튜디오
1000269,다이스필름
1000271,㈜비에이엔터테인먼트
1000272,㈜콘텐츠지
1000273,반짝반짝영화사
1000274,우주필름
1000274,뱅가드스튜디오
1000275,고고스튜디오
1000276,오퍼스 픽쳐스
1000277,㈜하리마오 픽쳐스
1000278,㈜영화사 집
1000279,파인하우스필름㈜
1000279,나우필름㈜
1000279,NHK
1000280,위더스필름㈜
1000281,㈜초이락컨텐츠팩토리
1000282,안나푸르나필름
1000283,㈜영화사 일취월장
1000284,㈜엠씨엠씨
1000285,㈜영화사장춘
1000286,㈜초이락컨텐츠팩토리
1000287,(주)와이랩
1000287,㈜노마드 필름
1000287,시네마레인코트
1000288,㈜아우라픽처스
1000288,씨제이이앤엠㈜
1000289,㈜드림써치C C
1000289,앤디스튜디오
1000290,㈜오콘
1000291,㈜엠픽처스
1000291,㈜점프엔터테인먼트
1000292,상상필름㈜
1000293,㈜스튜디오이크
1000293,씨제이이앤엠㈜
1000294,(주)컨텐츠온미디어
1000294,㈜전망좋은영화사
1000295,㈜노시스 컴퍼니
1000295,㈜레드로버
1000296,㈜영화사피어나
1000297,㈜영화사 월광
1000298,폴룩스(주)바른손
1000299,㈜바른손이앤에이
1000300,변산문화산업전문유한회사
1000301,(주)용필름
1000302,㈜데이드림엔터테인먼트
1000303,하이브미디어코프
1000304,㈜고래픽처스
1000305,필름케이
1000306,㈜디씨지플러스
1000306,㈜명필름
1000306,㈜인사이트필름
1000307,데이드림 엔터테인먼트
1000308,㈜시네마허브
1000308,㈜환타지엔터테인먼트
1000309,㈜화인웍스
1000309,키메이커
1000310,㈜영화사 동물의왕국
1000310,CJ 엔터테인먼트
1000311,바이어스이엔티
1000312,㈜아지트필름
1000313,STUDIO101
1000313,CJ ENM
1000314,㈜지오엔터테인먼트
1000315,(유)전망좋은영화사 문화산업전문회사
1000315,(주)마음에드는영화사
1000315,(주)전망좋은영화사
1000315,(주)컨텐츠온
1000316,㈜루이스픽쳐스
1000316,BROEDMACHINE
1000316,㈜브로콜리픽쳐스
1000317,㈜고스트픽처스
1000317,㈜주피터필름
1000318,㈜오콘
1000319,영화사 좋은날
1000319,디씨지플러스
1000320,CJ ENM
1000320,㈜JK필름
1000321,㈜또 하나의 가족 제작위원회
1000321,㈜에이트볼 픽쳐스
1000322,(주)더블유팩토리
1000323,㈜발렌타인필름
1000323,㈜영화사 궁
1000324,㈜지오필름
1000325,㈜티피에스 컴퍼니
1000325,㈜담양메타영상테마파크
1000325,(사)광주영상위원회
1000325,대전영상위원회
1000326,리얼문화산업전문 유한회사
1000327,(주)영화사 꽃
1000327,(유)오피스문화산업전문회사
1000328,㈜에이디사공육
1000328,씨네주(유)
1000329,(주)미인픽쳐스
1000329,(주)곽픽쳐스
1000330,㈜오콘
1000331,툰박스 엔터테인먼트
1000331,㈜레드로버
1000332,㈜사나이픽처스
1000333,오퍼스 픽쳐스
1000333,초이스컷 픽쳐스
1000334,민영화사
1000335,㈜아센디오
1000336,㈜초이락컨텐츠팩토리
1000337,(주)레드로버
1000337,툰박스 엔터테인먼트
1000337,상해홍만과학기술유한공사
1000338,㈜아이필름코퍼레이션
1000338,㈜토리픽쳐스
1000339,㈜씨네월드
1000340,앤솔로지 스튜디오㈜
1000341,㈜트리니티 엔터테인먼트
1000342,반짝반짝
1000343,빅히트 엔터테인먼트
1000343,캠프 엔터테인먼트
1000344,㈜하리마오 픽쳐스
1000345,(주)비에이엔터테인먼트
1000345,(주)무비스퀘어
1000346,영화사 김치㈜
1000347,㈜주피터필름
1000348,영화사 다물㈜
1000349,㈜빅스톤픽쳐스
1000350,청년필름㈜
1000350,비밀의 화원
1000351,장차앤코
1000352,게니우스
1000353,(주)퍼펙트스톰필름
1000354,㈜명필름
1000355,빅히트엔터테인먼트
1000355,캠프엔터테인먼트
1000356,㈜루스이소니도스
1000357,휴메니테라 픽쳐스
1000358,㈜스토리지
1000358,연우무대
1000359,(주)에이디사공육
1000360,수필름
1000361,(주)영화사 신세계
1000361,(주)바른손이앤에이
1000362,㈜사나이픽처스
1000363,㈜영화사레드피터
1000364,스튜디오N
1000365,주식회사 브레인샤워
1000366,씨네주
1000366,누리픽처스
1000367,주식회사 에이컴즈
1000367,삼성에버랜드㈜
1000368,주식회사 브레인샤워
1000368,㈜제이와이피픽쳐스
1000369,㈜영화사 두둥
1000370,(주)사나이픽처스
1000371,반짝반짝영화사
1000372,㈜브레드이발소
1000373,㈜무비스퀘어
1000374,팔레트 픽처스
1000374,㈜사람엔터테인먼트
1000375,청년필름㈜
1000375,다이스필름
1000376,㈜영화사 담담
1000377,클라이맥스 스튜디오
1000377,앤드마크 스튜디오
1000378,㈜하이브미디어코프
1000379,㈜초이락컨텐츠컴퍼니
1000380,오스카10스튜디오
1000380,스토리퐁
1000382,㈜트릭스터
1000383,(주)토이온
1000384,㈜데이드림엔터테인먼트
1000385,씨네주 유한회사
1000385,Osca10studio
1000386,(주)영화사 거미
1000386,필름트레인
1000387,OCON STUDIOS
1000388,(주)파이브데이
1000389,㈜영화사 소중한
1000390,볼미디어㈜
1000391,㈜마운틴무브먼트스토리
1000392,㈜아이필름코퍼레이션
1000393,영화사 이창
1000393,쇼트케이크㈜
1000394,인벤트스톤
1000395,와이웍스엔터테인먼트
1000395,돈키호테엔터테인먼트
1000396,필름에이픽쳐스
1000396,GH엔터테인먼트
1000396,조이앤시네마
1000397,미인픽쳐스
1000397,미디어모굴
1000397,에이치투필름
1000398,청우필름
1000399,주식회사 발포플랜
1000399,브라더픽처스
1000400,씨제이포디플렉스
1000401,㈜비에이엔터테인먼트
1000401,다니필름
1000402,㈜영화사 봄
1000403,㈜인사이트 필름
1000403,㈜어바웃필름
1000403,㈜디씨지플러스
1000404,씨네마캣 픽쳐스
1000405,㈜주피터필름
1000406,이스트드림 시노펙스㈜
1000407,오퍼스픽쳐스
1000408,㈜태원엔터테인먼트
1000408,㈜시네마서비스
1000409,㈜스튜디오앤뉴
1000410,퍼니플럭스엔터테인먼트
1000411,㈜리공동체 영화사
1000412,수필름
1000413,(주)기억속의매미
1000414,㈜브레드이발소
1000415,클라이맥스 스튜디오
1000416,(주)오돌또기
1000417,㈜마스터원엔터테인먼트
1000418,(주)영화사 울림
1000419,㈜곰픽쳐스
1000419,㈜트러스트스튜디오
1000420,㈜셀트리온 엔터테인먼트
1000421,(주)26컴퍼니
1000422,㈜영화사 다
1000423,㈜영화사 테이크
1000424,한국영화아카데미
1000425,(주)오아시스이엔티
1000426,㈜곰픽쳐스
1000427,㈜퍼니플럭스
1000428,이스트스카이필름
1000428,어뮤즈엔터테인먼트
1000429,㈜홍필름
1000429,수필름
1000430,(주)스톰픽쳐스코리아
1000430,컴퍼니에이이엔티(주)
1000431,스튜디오홀호리(주)
1000432,㈜영화사비단길
1000432,수필름
1000433,(유)브이에스1호문화산업전문회사
1000433,㈜캠프비
1000433,㈜뱅가드스튜디오
1000434,레트로봇
1000435,㈜제이엠컬쳐스
1000435,㈜몬스터팩토리
1000436,쟈니브로스㈜
1000436,메가박스중앙㈜플러스엠
1000437,㈜아툰즈
1000438,㈜콘텐츠지
1000438,TCO㈜더콘텐츠온
1000439,휠므빠말
1000439,폭스 인터내셔널 프로덕션(코리아)
1000440,㈜화인웍스
1000440,유니온파트너스㈜
1000441,(주)하이브
1000442,㈜캐리소프트
1000443,(주)전망좋은영화사
1000444,리드미컬그린(주)
1000444,자이온 이엔티
1000445,언파스튜디오
1000445,어몽필름
1000446,㈜케이프로덕션
1000446,㈜플로우식스
1000446,㈜버티고필름
1000447,페퍼민트앤컴퍼니
1000448,㈜ 아이코닉스
1000448,㈜ 스튜디오 게일
1000449,㈜영화사 수박
1000449,㈜이디오플랜
1000450,영화사 올㈜
1000451,토닉프로젝트
1000451,아이뉴컴퍼니
1000452,㈜신영이엔씨
1000453,(주)삼지애니메이션
1000454,㈜데이드림엔터테인먼트
1000455,㈜브라더픽쳐스
1000455,㈜더콘텐츠온
1000456,삼삼공구 브라더스
1000457,리양필름㈜
1000458,㈜영화사 울림
1000458,㈜네이버 웹툰
1000459,㈜고스트픽처스
1000460,㈜콘텐츠지
1000460,TCO㈜더콘텐츠온
1000461,밀짚모자영화사㈜
1000462,리온픽쳐스㈜
1000463,㈜로드픽쳐스
1000464,영화사 우상
1000465,㈜삼지애니메이션
1000466,㈜MCMC
1000467,㈜인디스토리
1000468,표범영화사
1000469,(합)알지애니메이션스튜디오
1000470,KBS
1000471,래몽래인
1000472,제이오엔터테인먼트
1000473,스튜디오 이상한 나라의 원더랜드
1000474,㈜엠픽처스
1000474,점프엔터테인먼트
1000475,베러투모로우
1000475,나로픽처스
1000475,조이앤시네마
1000476,도티와영원의탑문화산업전문 유한회사
1000476,샌드박스네트워크
1000477,필마픽쳐스
1000477,㈜마당엔터테인먼트
1000477,㈜블루아이
1000478,더 램프
1000478,㈜감독의집
1000479,㈜삼지애니메이션
1000480,㈜아센디오
1000480,씨네마로엔터테인먼트
1000481,발자국공장
1000482,로커스
1000482,스튜디오N
1000483,(주)신씨네
1000483,북경마천륜문화전매유한공사
1000483,절강상하문화경기유한공사
1000483,절강항양문화미디어유한공사
1000484,쏘울 크리에이티브
1000484,애니맥스 브로드캐스팅 코리아 유한회사
1000485,㈜어바웃필름
1000486,㈜드림써치씨앤씨
1000488,CJ 4DPLEX ScreenX Studio
1000489,힘컨텐츠㈜
1000490,㈜삼지애니메이션
1000491,YG Entertainment
1000492,(주)엠씨엠씨
1000493,㈜스토리공감
1000493,트웰브져니㈜
1000494,㈜젠펙쳐스
1000495,㈜리퀴드브레인스튜디오
1000496,더퀸 D M㈜
1000497,㈜히스토리디앤피
1000497,디에이치미디어
1000497,굿픽처스
1000498,㈜슬기로운늑대
1000498,㈜초이스웰
1000498,㈜운상미디어
1000499,힘컨텐츠㈜
1000499,EBS
1000500,㈜아센디오
1000501,영화사 도로시㈜
1000501,㈜SH기획
1000502,YG엔터테인먼트
1000503,㈜스튜디오이크
1000503,CJ ENM
1000504,(주)비에이엔터테인먼트
1000505,㈜스톰픽쳐스코리아
1000505,㈜원픽쳐스
1000506,타임박스엔터테인먼트㈜
1000507,KBS
1000507,아센디오
1000508,㈜도어이앤엠
1000509,㈜초이락컨텐츠컴퍼니
1000510,㈜청우필름
1000511,㈜율
1000512,㈜태원엔터테인먼트
1000513,테이크원스튜디오
1000514,엠씨엠씨 스튜디오스카이
1000515,영화사 김치(주)
1000516,㈜26컴퍼니
1000517,삼지애니메이션
1000518,트웰브져니㈜
1000518,바젤레브스
1000519,㈜MCMC
1000519,무비락
1000520,LCO픽쳐스
1000521,파이오니아21
1000522,제이티비씨(주)
1000522,스토리웹
1000523,㈜시네마제니스
1000524,스튜디오 마로
1000525,휴메니테라픽쳐스 주식회사
1000526,㈜영화사 두둥
1000527,(주)스튜디오버튼
1000528,㈜스튜디오투유
1000529,(주)에스엠엔터테인먼트
1000530,골든스토리픽처스
1000531,㈜좋은하늘
1000532,하이컨셉픽쳐스㈜
1000533,㈜하이브
1000534,㈜26컴퍼니
1000535,㈜갤리온엔터테인먼트
1000536,주식회사 영화사 궁
1000537,㈜흥픽쳐스
1000538,디엔디픽쳐스
1000538,유한회사 안녕하세요
1000539,영화사 우상
1000540,㈜포켓돌스튜디오
1000541,(주)메이저타운
1000542,㈜빅스톤픽쳐스
1000543,㈜다다쇼
1000544,자루스튜디오
1000545,KBS
1000545,몬스터 유니온
1000546,KBS
1000546,㈜아센디오
1000547,㈜삼지애니메이션
1000548,JYP 엔터테인먼트
1000549,㈜스튜디오설
1000550,㈜하이브
1000551,㈜미학인우주선
1000552,백그림
1000553,㈜마로스튜디오
1000554,스마트스터디㈜
1000555,㈜도깨비미디어
1000555,주식회사 콘텐츠존
1000556,㈜중헌홀딩스
1000557,골든타이드픽처스㈜
1000558,주식회사 넘버쓰리픽쳐스
1000559,㈜슬기로운늑대
1000560,뉴크마그(주)
1000561,㈜다세포클럽
1000562,㈜케이드래곤
1000563,㈜로그라인스튜디오
1000563,㈜펀치라인필름
1000564,㈜도어 이앤엠
1000565,코알라컴퍼니
1000565,우쥬록스
1000565,씨제이 씨지브이㈜
1000566,골든타이드픽처스
1000567,GTG 픽쳐스
1000568,Luka Productions
1000568,Czech Anglo Productions
1000569,(주)컬처캡코리아
1000570,대원미디어
1000570,㈜스튜디오이온
1000571,CJ 엔터테인먼트
1000571,SM엔터테인먼트
1000571,로버트 코트 프로덕션
1000572,㈜크레이지버드 스튜디오
1000573,(주)무비포지
1000574,비투비 컴퍼니
1000575,(주)로이비쥬얼
1000576,㈜스튜디오고트
1000577,㈜DVC픽쳐스
1000577,北京娜拉文化传播有限公司(나라짱닷컴)
1000577,秦时明月影视文化传媒有限公司(친스밍위에공사
1000578,㈜리필름
1000579,(주)베러투모로우
1000579,나로픽처스(주)
1000580,넥슨 코리아
1000581,플레이리스트 주식회사
1000582,(주)삼지애니메이션
1000582,자그툰
1000583,KBS 미디어
1000584,(주)니즈텔레콤
1000585,(주)네오스카이인터내셔날
1000586,브랜뉴뮤직
1000586,씨제이 씨지브이㈜
1000587,㈜디에이치미디어
1000588,㈜하이컨셉픽쳐스
1000588,㈜더그레이트컴퍼니
1000589,창컴퍼니㈜
1000589,㈜메가커뮤니케이션즈
1000590,(주)블랙홀엔터테인먼트
1000590,(주)라쉬반
1000591,㈜씨씨에스엔터테인먼트
1000591,펠릭스 더 캣 스튜디오
1000591,㈜루크필름
1000592,파괴연구소
1000593,(주)로그라인스튜디오
1000593,(주)스튜디오킬러웨일
1000594,㈜영화사 필
1000594,TCO㈜더콘텐츠온
1000595,㈜담소필름
1000596,㈜더재미
1000596,㈜강천산픽쳐스
1000596,대쉬필름
1000597,(주)영화사 조은
1000598,㈜그리메
1000599,㈜미스터리픽처스
1000600,씨제이포디플렉스
1000601,굿픽처스
1000602,파이오니아21
1000603,피터팬 픽쳐스
1000604,㈜지티지그룹
1000605,모그픽쳐스
1000605,더그레이트컴퍼니
1000606,㈜그노스
1000606,꿀잼컴퍼니㈜
1000607,아폴론시네마
1000607,롯데쇼핑㈜롯데엔터테인먼트
1000608,간이역(유)
1000609,아이피큐
1000609,엠오디티
1000610,백그림
1000611,㈜그노스
1000612,파이오니아21
1000613,㈜그린피쉬
1000613,㈜동국제약
1000614,KBS
1000614,㈜아센디오
1000615,㈜시네마서울
1000615,K-STAR 엔터테인먼트
1000615,스타다닷컴
1000615,GG엔터테인먼트
1000616,더 램프
1000617,리필름
1000617,조이앤시네마
1000618,피터팬 픽쳐스
1000619,㈜로드하우스
1000619,꿀잼컴퍼니㈜
1000620,㈜FNC 스토리
1000620,㈜창 픽쳐스
1000621,㈜라온컴퍼니플러스
1000622,굿픽처스
1000622,제이앤씨미디어그룹
1000623,영화사 반딧불
1000624,CJ ENM
1000625,CJ ENM
1000626,골든타이드픽처스
1000626,매니지먼트 구
1000627,CJ ENM
1000628,하이브미디어코프
1000629,콘텐츠웨이브(주)
1000630,㈜아센디오
1000631,㈜박스미디어
1000632,CJ 4DPLEX
1000633,스튜디오드래곤
1000634,아일랜드픽처스㈜
1000635,㈜로드하우스
1000637,(주)넘버쓰리픽쳐스
1000638,㈜도어이앤엠
1000639,㈜콘텐츠지
1000639,㈜라온컴퍼니플러스
1000640,㈜도너츠 컬처
1000640,HK FILM
1000641,㈜그노스
1000641,꿀잼컴퍼니㈜
1000642,시네마미션
1000643,㈜)그노스
1000643,꿀잼컴퍼니㈜
1000644,영화사 인연
1000645,주식회사 영화사 길
1000646,㈜지티지 그룹
1000647,클라이맥스 스튜디오
1000647,SLL
1000648,㈜어나더스타
1000649,(주)모그픽쳐스
1000650,㈜모그픽쳐스
1000651,한류닷컴㈜
1000651,㈜오예스
1000652,㈜코쿤나인
1000653,클라이맥스 스튜디오
1000653,SLL
1000654,㈜어나더스타
1000655,바밍타이거
1000656,비엠미디어
1000657,샌드박스
1000658,무서운영화
1000659,㈜아웃런브라더스픽처스
1000660,더블유스토리
1000660,㈜에너제딕컴퍼니
1000662,꾸러기스튜디오
1000662,㈜엣나인필름
1000663,㈜해오름이앤티
1000664,(주) 블루아이 엔터테인먼트
1000665,골든타이드픽처스
1000666,드림로드
1000667,넥슨코리아 엘소드팀
1000667,KOG 엘소드팀
1000668,㈜뉴버드
1000669,㈜에스비에스미디어넷
1000670,㈜문와쳐
1000670,뉴클루즈
1000670,Jaywalk Studio
1000671,KBS
1000671,스튜디오HIM
1000672,㈜메타월드
1000672,㈜KS콘텐츠
1000673,㈜피터팬픽쳐스
1000674,매니아22
1000675,프로젝트 엔터테인먼트
1000676,시네마서울
1000678,㈜스튜디오 후크
1000679,㈜컨택트미디어
1000680,㈜그노스
1000680,㈜파이브데이
1000680,꿀잼컴퍼니㈜
1000681,(주)아크378
1000681,MBC크리에이티브스튜디오
1000682,㈜레알 컴퍼니
1000682,㈜윈도우엔터테인먼트
1000683,㈜유림엔터테인먼트
1000684,㈜SJ E M
1000684,㈜제이커스텀 그룹
1000684,리필름
1000685,채널맥
1000685,마루인큐브
1000686,㈜해오름이앤티
1000687,드림팩트 엔터테인먼트
1000688,(주)씨네토리
