people_code,name
2000001,Axton Lee
2000002,JYP ENTERTAINMENT
2000003,KOG 엘소드팀
2000004,Liu
2000005,NEW PISTOL
2000006,NSC
2000007,OSS
2000008,POP
2000009,RM
2000010,SB
2000011,Sirani
2000012,The
2000013,Thomas
2000014,Yasaka
2000015,강경준
2000016,강경헌
2000017,강기둥
2000018,강기영
2000019,강다현
2000020,강대규
2000021,강대성
2000022,강대일
2000023,강동수
2000024,강동원
2000025,강동헌
2000026,강명옥
2000027,강미나
2000028,강민아
2000029,강민혁
2000030,강보경
2000031,강성미
2000032,강성우
2000033,강성찬
2000034,강성호
2000035,강성훈
2000036,강소라
2000037,강승완
2000038,강승용
2000039,강승훈
2000040,강시현
2000041,강신일
2000042,강연정
2000043,강영석
2000044,강예원
2000045,강우석
2000046,강욱
2000047,강원국
2000048,강유석
2000049,강유선
2000050,강윤
2000051,강윤성
2000052,강이석
2000053,강인성
2000054,강제규
2000055,강주리
2000056,강지섭
2000057,강지은
2000058,강찬희
2000059,강철원
2000060,강태주
2000061,강태호
2000062,강풍
2000063,강하나
2000064,강하늘
2000065,강한나
2000066,강현주
2000067,강형철
2000068,강혜림
2000069,강혜정
2000070,강홍석
2000071,강효진
2000072,강희주
2000073,건강이
2000074,계란과자
2000075,고건한
2000076,고경민
2000077,고경표
2000078,고규필
2000079,고동옥
2000080,고동우
2000081,고동훈
2000082,고두심
2000083,고레에다 히로카즈
2000084,고려왕
2000085,고서희
2000086,고수
2000087,고수희
2000088,고아라
2000089,고아성
2000090,고우림
2000091,고원
2000092,고원석
2000093,고윤정
2000094,고은아
2000095,고정욱
2000096,고준희
2000097,고창석
2000098,고호석
2000099,고훈
2000100,고흥군민
2000101,공명
2000102,공민정
2000103,공서방
2000104,공승연
2000105,공예지
2000106,공유
2000107,공작단
2000108,공정호
2000109,공정환
2000110,공찬
2000111,공형진
2000112,공효진
2000113,곽경택
2000114,곽도원
2000115,곽민호
2000116,곽수진
2000117,곽시양
2000118,곽자형
2000119,곽재용
2000120,곽정덕
2000121,곽지성
2000122,곽지숙
2000123,곽진영
2000124,곽한구
2000125,곽희성
2000126,구교환
2000127,구모
2000128,구민정
2000129,구수환
2000130,구승현
2000131,구윤희
2000132,구준회
2000133,구지성
2000134,구태진
2000135,권민혁
2000136,권봉근
2000137,권봉안
2000138,권상우
2000139,권성수
2000140,권성혁
2000141,권소현
2000142,권수경
2000143,권순호
2000144,권오광
2000145,권오승
2000146,권오중
2000147,권용운
2000148,권유리
2000149,권율
2000150,권종관
2000151,권지용
2000152,권진모
2000153,권칠인
2000154,권해효
2000155,권혁만
2000156,권혁재
2000157,권현빈
2000158,권현상
2000159,권형진
2000160,그룹
2000161,기국서
2000162,기내
2000163,기타무라
2000164,기현
2000165,길해연
2000166,김가률
2000167,김가은
2000168,김가희
2000169,김갑수
2000170,김강민
2000171,김강우
2000172,김강일
2000173,김강현
2000174,김강훈
2000175,김건수
2000176,김결
2000177,김결유
2000178,김경열
2000179,김경엽
2000180,김경원
2000181,김경태
2000182,김고은
2000183,김곡
2000184,김광빈
2000185,김광수
2000186,김광식
2000187,김광태
2000188,김국진
2000189,김국희
2000190,김궁
2000191,김규리
2000192,김규현
2000193,김금순
2000194,김기남
2000195,김기천
2000196,김기춘
2000197,김기훈
2000198,김나연
2000199,김나윤
2000200,김남길
2000201,김남진
2000202,김노진
2000203,김누리
2000204,김다미
2000205,김다희
2000206,김단미
2000207,김대명
2000208,김대성
2000209,김대승
2000210,김대우
2000211,김대웅
2000212,김덕민
2000213,김덕수
2000214,김도영
2000215,김도윤
2000216,김도훈
2000217,김동수
2000218,김동영
2000219,김동완
2000220,김동우
2000221,김동욱
2000222,김동준
2000223,김동현
2000224,김동형
2000225,김동휘
2000226,김래경
2000227,김래원
2000228,김뢰하
2000229,김류안
2000230,김명곤
2000231,김명국
2000232,김명균
2000233,김명민
2000234,김모범
2000235,김무열
2000236,김미경
2000237,김미화
2000238,김민경
2000239,김민교
2000240,김민규
2000241,김민기
2000242,김민석
2000243,김민수
2000244,김민아
2000245,김민영
2000246,김민재
2000247,김민정
2000248,김민주
2000249,김민준
2000250,김민호
2000251,김민희
2000252,김범
2000253,김병서
2000254,김병옥
2000255,김병우
2000256,김병철
2000257,김병춘
2000258,김보라
2000259,김보리
2000260,김보민
2000261,김보연
2000262,김봉주
2000263,김봉한
2000264,김부선
2000265,김빈
2000266,김사랑
2000267,김사희
2000268,김상경
2000269,김상민
2000270,김상중
2000271,김상진
2000272,김상철
2000273,김상호
2000274,김새론
2000275,김새벽
2000276,김새해
2000277,김서영
2000278,김서윤
2000279,김서지
2000280,김서진
2000281,김서형
2000282,김석윤
2000283,김선
2000284,김선빈
2000285,김선영
2000286,김선형
2000287,김선혜
2000288,김선호
2000289,김설현
2000290,김성경
2000291,김성규
2000292,김성균
2000293,김성기
2000294,김성령
2000295,김성민
2000296,김성수
2000297,김성식
2000298,김성오
2000299,김성욱
2000300,김성원
2000301,김성윤
2000302,김성제
2000303,김성철
2000304,김성한
2000305,김성훈
2000306,김세휘
2000307,김소빈
2000308,김소원
2000309,김소은
2000310,김소정
2000311,김소진
2000312,김소현
2000313,김소혜
2000314,김소희
2000315,김수경
2000316,김수미
2000317,김수안
2000318,김수오
2000319,김수정
2000320,김수진
2000321,김수현
2000322,김수훈
2000323,김슬기
2000324,김승우
2000325,김승현
2000326,김시아
2000327,김시은
2000328,김아론
2000329,김아롱
2000330,김아중
2000331,김여진
2000332,김연수
2000333,김영
2000334,김영광
2000335,김영근
2000336,김영선
2000337,김영순
2000338,김영애
2000339,김영웅
2000340,김영은
2000341,김영준
2000342,김영철
2000343,김영탁
2000344,김예원
2000345,김예지
2000346,김옥빈
2000347,김용건
2000348,김용균
2000349,김용완
2000350,김용준
2000351,김용진
2000352,김용화
2000353,김용훈
2000354,김우빈
2000355,김원기
2000356,김원덕
2000357,김원석
2000358,김원해
2000359,김유성
2000360,김유정
2000361,김윤석
2000362,김윤성
2000363,김윤지
2000364,김윤진
2000365,김윤태
2000366,김윤혜
2000367,김은아
2000368,김응수
2000369,김의성
2000370,김이서
2000371,김인
2000372,김인권
2000373,김인서
2000374,김인식
2000375,김인우
2000376,김재경
2000377,김재덕
2000378,김재범
2000379,김재수
2000380,김재영
2000381,김재철
2000382,김재화
2000383,김재훈
2000384,김정난
2000385,김정민
2000386,김정석
2000387,김정영
2000388,김정운
2000389,김정일
2000390,김정태
2000391,김정하
2000392,김정현
2000393,김정환
2000394,김정훈
2000395,김제영
2000396,김조은
2000397,김종관
2000398,김종구
2000399,김종석
2000400,김종수
2000401,김종윤
2000402,김종인
2000403,김종한
2000404,김종현
2000405,김종호
2000406,김종환
2000407,김주령
2000408,김주은
2000409,김주한
2000410,김주혁
2000411,김주현
2000412,김주호
2000413,김주환
2000414,김준
2000415,김준배
2000416,김준성
2000417,김준한
2000418,김준형
2000419,김지민
2000420,김지선
2000421,김지수
2000422,김지연
2000423,김지열
2000424,김지영
2000425,김지운
2000426,김지원
2000427,김지철
2000428,김지한
2000429,김지혜
2000430,김지호
2000431,김지환
2000432,김지훈
2000433,김진근
2000434,김진래
2000435,김진영
2000436,김진우
2000437,김진원
2000438,김진철
2000439,김진향
2000440,김찬미
2000441,김창주
2000442,김창훈
2000443,김채하
2000444,김태곤
2000445,김태균
2000446,김태리
2000447,김태민
2000448,김태용
2000449,김태우
2000450,김태원
2000451,김태윤
2000452,김태응
2000453,김태익
2000454,김태한
2000455,김태훈
2000456,김택
2000457,김하늘
2000458,김하림
2000459,김하연
2000460,김학순
2000461,김학철
2000462,김한결
2000463,김한민
2000464,김해곤
2000465,김해숙
2000466,김향기
2000467,김현
2000468,김현석
2000469,김현수
2000470,김현우
2000471,김현욱
2000472,김현정
2000473,김현주
2000474,김현지
2000475,김현탁
2000476,김현호
2000477,김형기
2000478,김형서
2000479,김형석
2000480,김형주
2000481,김형협
2000482,김혜선
2000483,김혜성
2000484,김혜수
2000485,김혜옥
2000486,김혜원
2000487,김혜윤
2000488,김혜은
2000489,김혜준
2000490,김혜진
2000491,김호락
2000492,김호정
2000493,김호준
2000494,김호중
2000495,김홍선
2000496,김홍익
2000497,김홍파
2000498,김환희
2000499,김효진
2000500,김훈석
2000501,김휘
2000502,김희상
2000503,김희선
2000504,김희성
2000505,김희애
2000506,김희원
2000507,김희정
2000508,까심
2000509,꿈터컴퍼니
2000510,나규비
2000511,나나
2000512,나문희
2000513,나수윤
2000514,나연
2000515,나영희
2000516,나인우
2000517,나카무라
2000518,나현
2000519,나홍진
2000520,나희선
2000521,남경읍
2000522,남규리
2000523,남능미
2000524,남다름
2000525,남대중
2000526,남도형
2000527,남동협
2000528,남명렬
2000529,남보라
2000530,남상미
2000531,남일우
2000532,남주혁
2000533,남지우
2000534,남지현
2000535,넥슨코리아 엘소드팀
2000536,노강민
2000537,노덕
2000538,노동석
2000539,노상현
2000540,노수산나
2000541,노영주
2000542,노윤서
2000543,노정의
2000544,노진수
2000545,노치만
2000546,니시지마
2000547,닝닝
2000548,다니엘
2000549,다은
2000550,다이빙
2000551,담당
2000552,담임
2000553,대표
2000554,데릭
2000555,데이비드
2000556,데인이앤티
2000557,도경수
2000558,도광원
2000559,도우
2000560,도운
2000561,도지한
2000562,도희
2000563,돌비
2000564,동물
2000565,동영배
2000566,동현배
2000567,듀안 에들러
2000568,디노
2000569,디오
2000570,라디오
2000571,라미란
2000572,레오
2000573,레오폴드
2000574,로기진
2000575,루나
2000576,루안
2000577,루한
2000578,류경수
2000579,류길수
2000580,류덕환
2000581,류승룡
2000582,류승범
2000583,류승수
2000584,류승완
2000585,류영훈
2000586,류의현
2000587,류정우
2000588,류준열
2000589,류한홍
2000590,류현경
2000591,류혜영
2000592,리건
2000593,리암
2000594,리우
2000595,리포터
2000596,마녀
2000597,마대윤
2000598,마동석
2000599,마리오기획
2000600,마야
2000601,마키
2000602,매니저
2000603,매릭
2000604,머드
2000605,메이트
2000606,명재현
2000607,모건
2000608,모나
2000609,모모
2000610,모홍진
2000611,무비인피플
2000612,문교리
2000613,문근영
2000614,문남숙
2000615,문보령
2000616,문성근
2000617,문소리
2000618,문소희
2000619,문숙
2000620,문승아
2000621,문예원
2000622,문욱일
2000623,문유강
2000624,문정희
2000625,문제용
2000626,문지인
2000627,문채원
2000628,문현성
2000629,미국
2000630,미디어
2000631,미르
2000632,미르미돈
2000633,미츠코
2000634,민규동
2000635,민균
2000636,민도희
2000637,민성욱
2000638,민아
2000639,민용근
2000640,민준기
2000641,민진웅
2000642,민혁
2000643,민호
2000644,박건률
2000645,박건일
2000646,박경순
2000647,박광현
2000648,박규태
2000649,박규택
2000650,박균이
2000651,박근형
2000652,박기륭
2000653,박기웅
2000654,박누리
2000655,박단희
2000656,박대민
2000657,박동훈
2000658,박동희
2000659,박두식
2000660,박두신
2000661,박란
2000662,박리나
2000663,박명훈
2000664,박미숙
2000665,박민우
2000666,박민정
2000667,박민지
2000668,박민하
2000669,박범수
2000670,박범준
2000671,박병은
2000672,박보검
2000673,박보영
2000674,박상남
2000675,박상욱
2000676,박상준
2000677,박상현
2000678,박상훈
2000679,박서준
2000680,박서함
2000681,박선영
2000682,박선옥
2000683,박선임
2000684,박선후
2000685,박성광
2000686,박성근
2000687,박성연
2000688,박성웅
2000689,박성태
2000690,박성현
2000691,박성훈
2000692,박세영
2000693,박세완
2000694,박세진
2000695,박소담
2000696,박소영
2000697,박소이
2000698,박솔미
2000699,박수연
2000700,박수영
2000701,박순천
2000702,박시안
2000703,박시후
2000704,박신양
2000705,박신혜
2000706,박영규
2000707,박영균
2000708,박영주
2000709,박예니
2000710,박예리
2000711,박예진
2000712,박용우
2000713,박용집
2000714,박우주
2000715,박우진
2000716,박원상
2000717,박유나
2000718,박유천
2000719,박윤
2000720,박윤희
2000721,박은경
2000722,박인제
2000723,박인한
2000724,박인환
2000725,박일호
2000726,박재식
2000727,박재정
2000728,박재준
2000729,박재찬
2000730,박정민
2000731,박정배
2000732,박정오
2000733,박정우
2000734,박정화
2000735,박종균
2000736,박종범
2000737,박종환
2000738,박주현
2000739,박주희
2000740,박준금
2000741,박준수
2000742,박준형
2000743,박지수
2000744,박지영
2000745,박지완
2000746,박지일
2000747,박지현
2000748,박지환
2000749,박지훈
2000750,박진영
2000751,박진주
2000752,박진표
2000753,박찬욱
2000754,박창진
2000755,박채익
2000756,박철민
2000757,박철현
2000758,박충선
2000759,박태동
2000760,박하나
2000761,박하선
2000762,박하얀
2000763,박해수
2000764,박해일
2000765,박해준
2000766,박해진
2000767,박혁권
2000768,박현숙
2000769,박현진
2000770,박형섭
2000771,박형식
2000772,박혜수
2000773,박혜진
2000774,박호산
2000775,박홍근
2000776,박환희
2000777,박효주
2000778,박효준
2000779,박훈
2000780,박훈정
2000781,박흥식
2000782,박희곤
2000783,박희본
2000784,박희순
2000785,박희정
2000786,박희준
2000787,박희진
2000788,반려동물학과
2000789,반종 피산다나쿤
2000790,방수인
2000791,방연지
2000792,방유설
2000793,방은정
2000794,방중현
2000795,배그린
2000796,배두나
2000797,배민주
2000798,배성우
2000799,배수경
2000800,배수빈
2000801,배수지
2000802,배완
2000803,배유람
2000804,배인혁
2000805,배정남
2000806,배정미
2000807,배정화
2000808,배종옥
2000809,배준수
2000810,백도빈
2000811,백마리
2000812,백설이
2000813,백성현
2000814,백수련
2000815,백수장
2000816,백승기
2000817,백승화
2000818,백승환
2000819,백아연
2000820,백운학
2000821,백윤식
2000822,백일섭
2000823,백종열
2000824,백진희
2000825,뱅상
2000826,버스
2000827,변성현
2000828,변영규
2000829,변요한
2000830,변우석
2000831,변진호
2000832,변혁
2000833,변희봉
2000834,변희선
2000835,보아
2000836,볼링지도
2000837,봉구
2000838,봉재현
2000839,봉준호
2000840,부지영
2000841,브라이언
2000842,브랜든
2000843,브루스
2000844,블랙잭
2000845,비제이
2000846,빅토리아
2000847,뿔테
2000848,사나
2000849,사람과
2000850,사람과사람들
2000851,사람과아이들
2000852,사랑
2000853,사문영
2000854,사부
2000855,사토미
2000856,사희
2000857,산얀
2000858,서광재
2000859,서리슬
2000860,서벽준
2000861,서신애
2000862,서영
2000863,서영희
2000864,서예지
2000865,서우
2000866,서유리
2000867,서유민
2000868,서은광
2000869,서은영
2000870,서인국
2000871,서인성
2000872,서인철
2000873,서정희
2000874,서준영
2000875,서지혜
2000876,서지후
2000877,서하늬
2000878,서한결
2000879,서현우
2000880,서현진
2000881,서현철
2000882,서홍석
2000883,서홍선
2000884,서효명
2000885,석민우
2000886,석재형
2000887,선동혁
2000888,선수
2000889,선우선
2000890,선우정아
2000891,선우철
2000892,설경구
2000893,설리
2000894,설인아
2000895,설재근
2000896,설지윤
2000897,설향
2000898,설현
2000899,섭외
2000900,성동일
2000901,성룡
2000902,성병숙
2000903,성시흡
2000904,성신효
2000905,성우
2000906,성유리
2000907,성유빈
2000908,성준
2000909,성지루
2000910,성혁
2000911,성호
2000912,성훈
2000913,셔누
2000914,소금
2000915,소연
2000916,소은
2000917,소재익
2000918,소주연
2000919,소준범
2000920,소지섭
2000921,손나은
2000922,손담비
2000923,손덕기
2000924,손미나
2000925,손병호
2000926,손석구
2000927,손석우
2000928,손성윤
2000929,손숙
2000930,손예진
2000931,손용호
2000932,손우현
2000933,손원평
2000934,손은서
2000935,손이용
2000936,손인용
2000937,손재곤
2000938,손종학
2000939,손지민
2000940,손지완
2000941,손현주
2000942,손호준
2000943,송가인
2000944,송강호
2000945,송기오
2000946,송기호
2000947,송민경
2000948,송민규
2000949,송민재
2000950,송삼동
2000951,송상민
2000952,송새벽
2000953,송수림
2000954,송승헌
2000955,송영관
2000956,송영창
2000957,송욱경
2000958,송운
2000959,송율규
2000960,송은진
2000961,송은채
2000962,송이재
2000963,송일국
2000964,송재림
2000965,송중기
2000966,송지오
2000967,송지은
2000968,송지인
2000969,송지효
2000970,송진우
2000971,송창용
2000972,송하림
2000973,송한겸
2000974,송혜교
2000975,송훈
2000976,수애
2000977,수영
2000978,수지
2000979,수현
2000980,순호부
2000981,슈가
2000982,스노우
2000983,스테판
2000984,스토리
2000985,스토리무비
2000986,승준
2000987,시영준
2000988,시우민
2000989,신강우
2000990,신경선
2000991,신광일
2000992,신구
2000993,신근호
2000994,신기환
2000995,신길용
2000996,신동미
2000997,신동엽
2000998,신동진
2000999,신린아
2001000,신민아
2001001,신범식
2001002,신세경
2001003,신세휘
2001004,신소율
2001005,신수항
2001006,신승호
2001007,신승환
2001008,신승훈
2001009,신애라
2001010,신연식
2001011,신예진
2001012,신예찬
2001013,신용우
2001014,신원호
2001015,신유람
2001016,신유주
2001017,신은경
2001018,신은수
2001019,신재연
2001020,신재영
2001021,신재호
2001022,신정균
2001023,신정근
2001024,신정선
2001025,신정원
2001026,신주아
2001027,신주환
2001028,신지현
2001029,신지훈
2001030,신창섭
2001031,신하균
2001032,신한솔
2001033,신현빈
2001034,신현준
2001035,신혜선
2001036,실장
2001037,심규혁
2001038,심달기
2001039,심덕근
2001040,심소영
2001041,심은경
2001042,심형준
2001043,아나운서
2001044,아오키
2001045,아이디
2001046,아이린
2001047,아이유
2001048,안국진
2001049,안길강
2001050,안내상
2001051,안대천
2001052,안무지도
2001053,안문주
2001054,안병경
2001055,안병우
2001056,안보현
2001057,안상완
2001058,안상훈
2001059,안서현
2001060,안선영
2001061,안성기
2001062,안소이
2001063,안소희
2001064,안솔빈
2001065,안승균
2001066,안영미
2001067,안장혁
2001068,안재현
2001069,안재홍
2001070,안정훈
2001071,안지환
2001072,안철호
2001073,안태진
2001074,안현빈
2001075,안현서
2001076,알렉사
2001077,알파맨파워
2001078,액트레인
2001079,앤거스
2001080,앤드류
2001081,앤배움
2001082,얀츠카
2001083,양경모
2001084,양길영
2001085,양동근
2001086,양미
2001087,양범
2001088,양병간
2001089,양수아
2001090,양우석
2001091,양유진
2001092,양재원
2001093,양정두
2001094,양정화
2001095,양지호
2001096,양희성
2001097,엄상현
2001098,엄영식
2001099,엄유나
2001100,엄정화
2001101,엄준영
2001102,엄지원
2001103,엄채영
2001104,엄태구
2001105,엄태화
2001106,업체
2001107,엑셀
2001108,엠에이치파트
2001109,여민정
2001110,여상현
2001111,여욱환
2001112,여진구
2001113,여훈민
2001114,연구원
2001115,연기
2001116,연상엽
2001117,연상호
2001118,연우진
2001119,연준석
2001120,연지원
2001121,염광호
2001122,염정아
2001123,염혜란
2001124,영건
2001125,예수정
2001126,예지원
2001127,오광록
2001128,오기환
2001129,오나라
2001130,오달수
2001131,오대환
2001132,오동민
2001133,오만석
2001134,오메가
2001135,오민석
2001136,오민애
2001137,오성윤
2001138,오스기
2001139,오승욱
2001140,오승훈
2001141,오승희
2001142,오아린
2001143,오아연
2001144,오안진
2001145,오연서
2001146,오원재
2001147,오유진
2001148,오윤동
2001149,오은서
2001150,오인성
2001151,오인천
2001152,오인혜
2001153,오정세
2001154,오종혁
2001155,오지호
2001156,오진우
2001157,오창석
2001158,오태경
2001159,오피디내연녀
2001160,오하늬
2001161,오혜원
2001162,오희준
2001163,옥예린
2001164,옥택연
2001165,옥한흠
2001166,온유
2001167,온주완
2001168,옹성우
2001169,와이엇
2001170,와치가면
2001171,왕징춘
2001172,용수
2001173,우도환
2001174,우민호
2001175,우정신
2001176,우정원
2001177,우충현
2001178,우현
2001179,원세훈
2001180,원신연
2001181,원옥화
2001182,원진아
2001183,원태민
2001184,원태연
2001185,원현준
2001186,웨슬리
2001187,위하준
2001188,윈터
2001189,유가려
2001190,유다인
2001191,유라
2001192,유리
2001193,유병용
2001194,유병훈
2001195,유서진
2001196,유선
2001197,유선동
2001198,유선호
2001199,유성주
2001200,유세형
2001201,유수호
2001202,유승목
2001203,유승호
2001204,유아인
2001205,유연석
2001206,유영미
2001207,유영선
2001208,유영호
2001209,유오성
2001210,유우성
2001211,유원상
2001212,유인나
2001213,유인수
2001214,유인영
2001215,유장영
2001216,유재명
2001217,유재상
2001218,유재선
2001219,유재운
2001220,유정환
2001221,유준상
2001222,유지애
2001223,유지태
2001224,유하
2001225,유하복
2001226,유해정
2001227,유해진
2001228,유호정
2001229,유희종
2001230,육상효
2001231,윤경호
2001232,윤계상
2001233,윤권수
2001234,윤균상
2001235,윤다경
2001236,윤덕용
2001237,윤동원
2001238,윤병희
2001239,윤산하
2001240,윤상현
2001241,윤석주
2001242,윤석현
2001243,윤설희
2001244,윤성모
2001245,윤성욱
2001246,윤소이
2001247,윤소희
2001248,윤시윤
2001249,윤아
2001250,윤아영
2001251,윤여정
2001252,윤여창
2001253,윤영빈
2001254,윤용식
2001255,윤유선
2001256,윤은경
2001257,윤재구
2001258,윤재근
2001259,윤정섭
2001260,윤정희
2001261,윤제균
2001262,윤제문
2001263,윤제완
2001264,윤종빈
2001265,윤종석
2001266,윤주희
2001267,윤준형
2001268,윤지온
2001269,윤진서
2001270,윤진이
2001271,윤찬영
2001272,윤창섭
2001273,윤채이
2001274,윤철형
2001275,윤현민
2001276,윤현정
2001277,윤희성
2001278,은지원
2001279,음문석
2001280,이가섭
2001281,이가은
2001282,이강연
2001283,이경미
2001284,이경섭
2001285,이경영
2001286,이경진
2001287,이경훈
2001288,이계벽
2001289,이계인
2001290,이고르
2001291,이고은
2001292,이광범
2001293,이광수
2001294,이권
2001295,이규만
2001296,이규복
2001297,이규한
2001298,이규형
2001299,이기영
2001300,이기우
2001301,이나경
2001302,이나영
2001303,이노아
2001304,이다윗
2001305,이다은
2001306,이달
2001307,이달형
2001308,이대경
2001309,이대휘
2001310,이덕희
2001311,이도아
2001312,이도연
2001313,이도윤
2001314,이도현
2001315,이동민
2001316,이동욱
2001317,이동하
2001318,이동환
2001319,이동휘
2001320,이두환
2001321,이레
2001322,이명호
2001323,이무생
2001324,이문식
2001325,이미도
2001326,이미소
2001327,이미숙
2001328,이미연
2001329,이미자
2001330,이미지
2001331,이미지단연
2001332,이미지캐스팅
2001333,이민규
2001334,이민기
2001335,이민재
2001336,이민정
2001337,이민지
2001338,이민혁
2001339,이민형
2001340,이민호
2001341,이범수
2001342,이병수
2001343,이병준
2001344,이병헌
2001345,이봉균
2001346,이봉근
2001347,이사랑
2001348,이사벨라
2001349,이사비
2001350,이상근
2001351,이상아
2001352,이상엽
2001353,이상용
2001354,이상윤
2001355,이상준
2001356,이상철
2001357,이상화
2001358,이상훈
2001359,이상희
2001360,이새별
2001361,이서
2001362,이서영
2001363,이서진
2001364,이석근
2001365,이석준
2001366,이석훈
2001367,이선
2001368,이선균
2001369,이선빈
2001370,이설
2001371,이설구
2001372,이성강
2001373,이성경
2001374,이성관
2001375,이성민
2001376,이성열
2001377,이성욱
2001378,이성재
2001379,이성태
2001380,이성택
2001381,이성혜
2001382,이세영
2001383,이세온
2001384,이세현
2001385,이션
2001386,이소망
2001387,이소영
2001388,이소은
2001389,이솜
2001390,이수
2001391,이수경
2001392,이수민
2001393,이수빈
2001394,이수성
2001395,이수완
2001396,이수웅
2001397,이수진
2001398,이수혁
2001399,이수현
2001400,이순원
2001401,이순재
2001402,이숭환
2001403,이슬기
2001404,이승기
2001405,이승불
2001406,이승원
2001407,이승준
2001408,이승철
2001409,이승현
2001410,이시영
2001411,이시우
2001412,이시원
2001413,이시카와
2001414,이신영
2001415,이아이
2001416,이안규
2001417,이어령
2001418,이언수
2001419,이언희
2001420,이엘
2001421,이연우
2001422,이연희
2001423,이영기
2001424,이영란
2001425,이영애
2001426,이영용
2001427,이영준
2001428,이영훈
2001429,이옥회
2001430,이옥희
2001431,이완
2001432,이요섭
2001433,이요원
2001434,이용규
2001435,이용녀
2001436,이용승
2001437,이용주
2001438,이우철
2001439,이원근
2001440,이원석
2001441,이원종
2001442,이원태
2001443,이유리
2001444,이유미
2001445,이유비
2001446,이유영
2001447,이유준
2001448,이유진
2001449,이윤기
2001450,이윤우
2001451,이윤정
2001452,이윤희
2001453,이은미
2001454,이은희
2001455,이응광
2001456,이이경
2001457,이익준
2001458,이일준
2001459,이일형
2001460,이일화
2001461,이자은
2001462,이장훈
2001463,이재규
2001464,이재범
2001465,이재용
2001466,이재인
2001467,이재진
2001468,이재평
2001469,이재한
2001470,이정범
2001471,이정섭
2001472,이정은
2001473,이정재
2001474,이정진
2001475,이정하
2001476,이정학
2001477,이정현
2001478,이정형
2001479,이정호
2001480,이정훈
2001481,이제훈
2001482,이종민
2001483,이종석
2001484,이종언
2001485,이종필
2001486,이종혁
2001487,이주명
2001488,이주승
2001489,이주식
2001490,이주실
2001491,이주영
2001492,이주원
2001493,이주창
2001494,이주호
2001495,이준
2001496,이준영
2001497,이준익
2001498,이준학
2001499,이준혁
2001500,이준호
2001501,이중문
2001502,이중옥
2001503,이지승
2001504,이지아
2001505,이지영
2001506,이지원
2001507,이지은
2001508,이지하
2001509,이지현
2001510,이지형
2001511,이지혜
2001512,이지훈
2001513,이진보
2001514,이진아
2001515,이진욱
2001516,이찬유
2001517,이찬형
2001518,이창동
2001519,이창섭
2001520,이창열
2001521,이창욱
2001522,이창재
2001523,이창훈
2001524,이창희
2001525,이채영
2001526,이채유
2001527,이채은
2001528,이천희
2001529,이철민
2001530,이철우
2001531,이철하
2001532,이춘백
2001533,이케우치
2001534,이태란
2001535,이태리
2001536,이태석
2001537,이태슬
2001538,이태임
2001539,이푸름
2001540,이필립
2001541,이필모
2001542,이하나
2001543,이하늬
2001544,이하라
2001545,이하율
2001546,이학주
2001547,이한
2001548,이한욱
2001549,이항나
2001550,이해신
2001551,이해영
2001552,이해준
2001553,이혁종
2001554,이현
2001555,이현수
2001556,이현우
2001557,이현욱
2001558,이현웅
2001559,이형민
2001560,이형철
2001561,이혜란
2001562,이혜영
2001563,이호성
2001564,이호원
2001565,이호재
2001566,이환
2001567,이환경
2001568,이효제
2001569,이휘향
2001570,이희준
2001571,이희진
2001572,인진수
2001573,임경택
2001574,임경호
2001575,임나영
2001576,임대웅
2001577,임상수
2001578,임성용
2001579,임성재
2001580,임수정
2001581,임순례
2001582,임슬옹
2001583,임시완
2001584,임아론
2001585,임영서
2001586,임용재
2001587,임원희
2001588,임윤아
2001589,임은경
2001590,임재완
2001591,임주환
2001592,임지연
2001593,임지현
2001594,임지훈
2001595,임진경
2001596,임진순
2001597,임찬상
2001598,임창정
2001599,임철수
2001600,임필성
2001601,임한빈
2001602,임한성
2001603,임현식
2001604,임형국
2001605,임형준
2001606,임화영
2001607,자레드
2001608,장광
2001609,장광언
2001610,장규성
2001611,장기용
2001612,장덕진
2001613,장동건
2001614,장동윤
2001615,장동주
2001616,장률
2001617,장명운
2001618,장무현
2001619,장민혁
2001620,장석정
2001621,장성범
2001622,장성수
2001623,장성윤
2001624,장세훈
2001625,장소연
2001626,장솜이
2001627,장수원
2001628,장순근
2001629,장영남
2001630,장원
2001631,장유정
2001632,장윤성
2001633,장윤주
2001634,장윤현
2001635,장은숙
2001636,장의수
2001637,장의순
2001638,장재현
2001639,장재호
2001640,장준학
2001641,장준환
2001642,장지훈
2001643,장진
2001644,장창원
2001645,장창주
2001646,장철민
2001647,장철수
2001648,장항선
2001649,장항준
2001650,장혁
2001651,장혁진
2001652,장현성
2001653,장현우
2001654,장현진
2001655,장형모
2001656,장혜원
2001657,장혜진
2001658,장훈
2001659,전광렬
2001660,전국향
2001661,전노민
2001662,전도연
2001663,전무송
2001664,전미선
2001665,전배수
2001666,전상우
2001667,전세현
2001668,전소니
2001669,전수경
2001670,전숙경
2001671,전여빈
2001672,전우성
2001673,전웅
2001674,전원창
2001675,전윤수
2001676,전재영
2001677,전종서
2001678,전지현
2001679,전태열
2001680,전태윤
2001681,전해리
2001682,전현석
2001683,전형준
2001684,전혜연
2001685,전혜진
2001686,전희연
2001687,정가람
2001688,정가영
2001689,정건주
2001690,정경호
2001691,정교림
2001692,정국
2001693,정규수
2001694,정기훈
2001695,정길훈
2001696,정다빈
2001697,정다원
2001698,정다은
2001699,정려원
2001700,정만식
2001701,정무성
2001702,정문성
2001703,정미남
2001704,정미숙
2001705,정민규
2001706,정민성
2001707,정범식
2001708,정병길
2001709,정산
2001710,정상현
2001711,정상훈
2001712,정석용
2001713,정선경
2001714,정선혜
2001715,정성화
2001716,정세교
2001717,정소민
2001718,정수정
2001719,정승길
2001720,정승원
2001721,정시연
2001722,정식
2001723,정연
2001724,정영숙
2001725,정영웅
2001726,정영주
2001727,정용기
2001728,정용주
2001729,정우
2001730,정우성
2001731,정웅인
2001732,정원중
2001733,정원창
2001734,정유경
2001735,정유미
2001736,정유진
2001737,정윤수
2001738,정윤철
2001739,정은경
2001740,정은성
2001741,정은지
2001742,정의갑
2001743,정의욱
2001744,정이연
2001745,정인겸
2001746,정인기
2001747,정인선
2001748,정인율
2001749,정재광
2001750,정재성
2001751,정재숙
2001752,정재연
2001753,정재영
2001754,정재원
2001755,정제우
2001756,정주원
2001757,정준서
2001758,정준영
2001759,정준원
2001760,정준하
2001761,정준호
2001762,정지소
2001763,정지연
2001764,정지영
2001765,정지우
2001766,정지환
2001767,정지훈
2001768,정진영
2001769,정진운
2001770,정찬
2001771,정찬우
2001772,정채연
2001773,정크야드
2001774,정태우
2001775,정태원
2001776,정해균
2001777,정해인
2001778,정현준
2001779,정현진
2001780,정혜선
2001781,정혜영
2001782,정혜옥
2001783,정혜원
2001784,정혜인
2001785,정휘
2001786,정흥채
2001787,제니퍼
2001788,제동화
2001789,제이홉
2001790,조경이
2001791,조경훈
2001792,조규장
2001793,조근식
2001794,조근현
2001795,조달환
2001796,조동혁
2001797,조명연
2001798,조명행
2001799,조민경
2001800,조민서
2001801,조민수
2001802,조민아
2001803,조바른
2001804,조범구
2001805,조병규
2001806,조보아
2001807,조복래
2001808,조서후
2001809,조석현
2001810,조선
2001811,조선호
2001812,조성목
2001813,조성우
2001814,조성하
2001815,조성현
2001816,조성희
2001817,조수향
2001818,조슬예
2001819,조승우
2001820,조아람
2001821,조여정
2001822,조영민
2001823,조영준
2001824,조용선
2001825,조용진
2001826,조우진
2001827,조운
2001828,조원상
2001829,조원석
2001830,조원희
2001831,조유진
2001832,조윤서
2001833,조윤희
2001834,조은솔
2001835,조은숙
2001836,조은지
2001837,조은형
2001838,조의석
2001839,조이진
2001840,조이현
2001841,조인성
2001842,조일형
2001843,조재영
2001844,조재윤
2001845,조재현
2001846,조정래
2001847,조정석
2001848,조진모
2001849,조진숙
2001850,조진웅
2001851,조철현
2001852,조치언
2001853,조하석
2001854,조한선
2001855,조한철
2001856,조현영
2001857,조현재
2001858,조현정
2001859,조현철
2001860,조형옥
2001861,존 카프카
2001862,주다영
2001863,주민하
2001864,주보비
2001865,주석태
2001866,주아문
2001867,주예빈
2001868,주원
2001869,주인영
2001870,주지홍
2001871,주지훈
2001872,주진모
2001873,주학년
2001874,주헌
2001875,주현
2001876,주호성
2001877,준호
2001878,중식지도
2001879,지나
2001880,지대한
2001881,지성
2001882,지수
2001883,지승현
2001884,지안
2001885,지연
2001886,지용석
2001887,지용현
2001888,지용현이사
2001889,지원
2001890,지윤호
2001891,지일주
2001892,지젤
2001893,지진희
2001894,지창욱
2001895,지호근
2001896,지효
2001897,진경
2001898,진구
2001899,진권
2001900,진기주
2001901,진백림
2001902,진서연
2001903,진선규
2001904,진세연
2001905,진양욱
2001906,진영
2001907,진예솔
2001908,진이한
2001909,진주형
2001910,진지희
2001911,진행
2001912,차래형
2001913,차미경
2001914,차봉주
2001915,차서원
2001916,차서하
2001917,차선우
2001918,차솔몬
2001919,차수연
2001920,차순배
2001921,차승원
2001922,차엽
2001923,차영옥
2001924,차예련
2001925,차인표
2001926,차청화
2001927,차태현
2001928,창
2001929,채두병
2001930,채민지
2001931,채서진
2001932,채수빈
2001933,채여준
2001934,채정안
2001935,책임
2001936,천명관
2001937,천성일
2001938,천세환
2001939,천우희
2001940,천이슬
2001941,천정명
2001942,천정은
2001943,천호진
2001944,최경미
2001945,최경훈
2001946,최광일
2001947,최국희
2001948,최귀화
2001949,최기훈
2001950,최낙윤
2001951,최다니엘
2001952,최다인
2001953,최덕문
2001954,최동구
2001955,최동훈
2001956,최령
2001957,최로운
2001958,최리
2001959,최명빈
2001960,최무성
2001961,최문경
2001962,최민기
2001963,최민수
2001964,최민식
2001965,최민철
2001966,최병길
2001967,최병모
2001968,최보배
2001969,최상엽
2001970,최상훈
2001971,최선자
2001972,최성국
2001973,최성민
2001974,최성은
2001975,최성현
2001976,최승현
2001977,최승호
2001978,최승훈
2001979,최시형
2001980,최신규
2001981,최아린
2001982,최연수
2001983,최연청
2001984,최예린
2001985,최오식
2001986,최왕순
2001987,최용민
2001988,최우식
2001989,최원
2001990,최원섭
2001991,최원영
2001992,최유화
2001993,최윤석
2001994,최윤영
2001995,최인영
2001996,최재웅
2001997,최재환
2001998,최재훈
2001999,최정민
2002000,최정열
2002001,최정우
2002002,최정윤
2002003,최정현
2002004,최종남
2002005,최종태
2002006,최준영
2002007,최지우
2002008,최지웅
2002009,최진리
2002010,최진호
2002011,최태양
2002012,최필곤
2002013,최필립
2002014,최하나
2002015,최호
2002016,최홍일
2002017,최희서
2002018,최희승
2002019,최희진
2002020,추병헌
2002021,추병현
2002022,추석영
2002023,추선
2002024,추예진
2002025,추자현
2002026,추창민
2002027,츠루미
2002028,카리나
2002029,캐서린
2002030,캐스팅
2002031,캐스팅지원
2002032,캘런 브렁커
2002033,케빈
2002034,케이오지 엘소드팀
2002035,콜라괴물
2002036,쿠니무라
2002037,클라라
2002038,클라이브
2002039,클로이
2002040,클리프
2002041,키리야 카즈야키
2002042,타라
2002043,탁세웅
2002044,탁재훈
2002045,탁지안
2002046,탁지온
2002047,탁트인
2002048,탕웨이
2002049,탕준상
2002050,태산
2002051,태성친구
2002052,태원석
2002053,태항호
2002054,테멘
2002055,토마스
2002056,토마스 고
2002057,토마스 아스트뤽
2002058,통역
2002059,티아이
2002060,팀장
2002061,파멜라
2002062,패트릭
2002063,팽성우
2002064,페나키
2002065,표지훈
2002066,푸바오
2002067,피터
2002068,피터 레페니오티스
2002069,필감성
2002070,필립 귀엔
2002071,하기호
2002072,하나경
2002073,하다인
2002074,하도권
2002075,하룡이
2002076,하마다
2002077,하연수
2002078,하재숙
2002079,하정우
2002080,하정훈
2002081,하주희
2002082,하준원
2002083,하지원
2002084,하쿠
2002085,한가림
2002086,한경수
2002087,한고은
2002088,한기찬
2002089,한동석
2002090,한동성
2002091,한동욱
2002092,한동호
2002093,한명구
2002094,한상학
2002095,한상혁
2002096,한상호
2002097,한상희
2002098,한석규
2002099,한선화
2002100,한소희
2002101,한수연
2002102,한승림
2002103,한승연
2002104,한승우
2002105,한승윤
2002106,한승현
2002107,한시아
2002108,한예리
2002109,한예원
2002110,한유은
2002111,한유지
2002112,한유한
2002113,한은수
2002114,한은정
2002115,한이진
2002116,한재림
2002117,한재영
2002118,한종훈
2002119,한준희
2002120,한중연
2002121,한지민
2002122,한지은
2002123,한창현
2002124,한채아
2002125,한채영
2002126,한혜린
2002127,한혜진
2002128,한효주
2002129,함수정
2002130,함연지
2002131,함은정
2002132,함현주
2002133,해연
2002134,허동원
2002135,허명행
2002136,허선
2002137,허성태
2002138,허율
2002139,허인무
2002140,허정
2002141,허정도
2002142,허정민
2002143,허종호
2002144,허준석
2002145,허준형
2002146,허준호
2002147,허진
2002148,허진우
2002149,허진호
2002150,허철
2002151,헤어
2002152,현문섭
2002153,현봉식
2002154,현빈
2002155,현석
2002156,현우
2002157,현장통역
2002158,협회장배
2002159,형원
2002160,혜리
2002161,홍경
2002162,홍경인
2002163,홍기선
2002164,홍범기
2002165,홍사빈
2002166,홍서준
2002167,홍석
2002168,홍석구
2002169,홍성호
2002170,홍소영
2002171,홍수
2002172,홍수동
2002173,홍수아
2002174,홍승완
2002175,홍승희
2002176,홍시호
2002177,홍아름
2002178,홍예은
2002179,홍예지
2002180,홍원기
2002181,홍원찬
2002182,홍은기
2002183,홍은미
2002184,홍의정
2002185,홍이주
2002186,홍인표
2002187,홍종현
2002188,홍지영
2002189,홍지은
2002190,홍진기
2002191,홍찬희
2002192,홍창표
2002193,화학류
2002194,황경성
2002195,황경아
2002196,황다슬
2002197,황동석
2002198,황동혁
2002199,황보라
2002200,황석정
2002201,황세인
2002202,황승재
2002203,황우슬혜
2002204,황인성
2002205,황인탁
2002206,황인호
2002207,황정민
2002208,황정서
2002209,황찬성
2002210,황창영
2002211,황현빈
2002212,회장
2002213,효진
2002214,후지이
